MonthYear,Year,Month,DepartmentID,CategoryID,BudgetedAmount
Jan-2023,2023,1,D01,C01,524724.07
Jan-2023,2023,1,D01,C02,479300.01
Jan-2023,2023,1,D01,C03,739196.37
Jan-2023,2023,1,D01,C04,331436.56
Jan-2023,2023,1,D01,C05,145527.83
Jan-2023,2023,1,D01,C06,145517.7
Jan-2023,2023,1,D01,C07,334850.17
Jan-2023,2023,1,D01,C08,443793.98
Jan-2023,2023,1,D01,C09,260390.25
Jan-2023,2023,1,D01,C10,377390.48
Jan-2023,2023,1,D02,C01,312350.7
Jan-2023,2023,1,D02,C02,487362.14
Jan-2023,2023,1,D02,C03,799465.58
Jan-2023,2023,1,D02,C04,169182.43
Jan-2023,2023,1,D02,C05,156366.49
Jan-2023,2023,1,D02,C06,157029.89
Jan-2023,2023,1,D02,C07,482545.35
Jan-2023,2023,1,D02,C08,300397.7
Jan-2023,2023,1,D02,C09,201180.76
Jan-2023,2023,1,D02,C10,202316.24
Jan-2023,2023,1,D03,C01,667111.74
Jan-2023,2023,1,D03,C02,138587.42
Jan-2023,2023,1,D03,C03,475286.79
Jan-2023,2023,1,D03,C04,233871.97
Jan-2023,2023,1,D03,C05,271549.39
Jan-2023,2023,1,D03,C06,409773.9
Jan-2023,2023,1,D03,C07,419804.27
Jan-2023,2023,1,D03,C08,295978.46
Jan-2023,2023,1,D03,C09,257345.1
Jan-2023,2023,1,D03,C10,99509.17
Jan-2023,2023,1,D04,C01,664526.91
Jan-2023,2023,1,D04,C02,151620.13
Jan-2023,2023,1,D04,C03,339030.96
Jan-2023,2023,1,D04,C04,478531.93
Jan-2023,2023,1,D04,C05,485565.45
Jan-2023,2023,1,D04,C06,419526.89
Jan-2023,2023,1,D04,C07,482768.26
Jan-2023,2023,1,D04,C08,121022.29
Jan-2023,2023,1,D04,C09,289481.56
Jan-2023,2023,1,D04,C10,264864.05
Jan-2023,2023,1,D05,C01,373222.94
Jan-2023,2023,1,D05,C02,287974.3
Jan-2023,2023,1,D05,C03,320633.11
Jan-2023,2023,1,D05,C04,461914.57
Jan-2023,2023,1,D05,C05,188687.59
Jan-2023,2023,1,D05,C06,358259.36
Jan-2023,2023,1,D05,C07,487026.65
Jan-2023,2023,1,D05,C08,298428.57
Jan-2023,2023,1,D05,C09,241348.6
Jan-2023,2023,1,D05,C10,157638.87
Jan-2023,2023,1,D06,C01,881750.78
Jan-2023,2023,1,D06,C02,405555.79
Jan-2023,2023,1,D06,C03,863699.36
Jan-2023,2023,1,D06,C04,455827.49
Jan-2023,2023,1,D06,C05,331117.99
Jan-2023,2023,1,D06,C06,467187.18
Jan-2023,2023,1,D06,C07,353095.5
Jan-2023,2023,1,D06,C08,162312.8
Jan-2023,2023,1,D06,C09,65829.55
Jan-2023,2023,1,D06,C10,216638.74
Jan-2023,2023,1,D07,C01,533206.37
Jan-2023,2023,1,D07,C02,193966.59
Jan-2023,2023,1,D07,C03,797242.51
Jan-2023,2023,1,D07,C04,229836.4
Jan-2023,2023,1,D07,C05,197992.49
Jan-2023,2023,1,D07,C06,307932.35
Jan-2023,2023,1,D07,C07,384554.53
Jan-2023,2023,1,D07,C08,416922.73
Jan-2023,2023,1,D07,C09,76092.73
Jan-2023,2023,1,D07,C10,494492.51
Jan-2023,2023,1,D08,C01,763346.86
Jan-2023,2023,1,D08,C02,163460.59
Jan-2023,2023,1,D08,C03,303313.27
Jan-2023,2023,1,D08,C04,422493.8
Jan-2023,2023,1,D08,C05,376880.08
Jan-2023,2023,1,D08,C06,386183.01
Jan-2023,2023,1,D08,C07,762762.21
Jan-2023,2023,1,D08,C08,111098.75
Jan-2023,2023,1,D08,C09,175463.0
Jan-2023,2023,1,D08,C10,128665.01
Feb-2023,2023,2,D01,C01,524724.07
Feb-2023,2023,2,D01,C02,479300.01
Feb-2023,2023,2,D01,C03,739196.37
Feb-2023,2023,2,D01,C04,331436.56
Feb-2023,2023,2,D01,C05,145527.83
Feb-2023,2023,2,D01,C06,145517.7
Feb-2023,2023,2,D01,C07,334850.17
Feb-2023,2023,2,D01,C08,443793.98
Feb-2023,2023,2,D01,C09,260390.25
Feb-2023,2023,2,D01,C10,377390.48
Feb-2023,2023,2,D02,C01,312350.7
Feb-2023,2023,2,D02,C02,487362.14
Feb-2023,2023,2,D02,C03,799465.58
Feb-2023,2023,2,D02,C04,169182.43
Feb-2023,2023,2,D02,C05,156366.49
Feb-2023,2023,2,D02,C06,157029.89
Feb-2023,2023,2,D02,C07,482545.35
Feb-2023,2023,2,D02,C08,300397.7
Feb-2023,2023,2,D02,C09,201180.76
Feb-2023,2023,2,D02,C10,202316.24
Feb-2023,2023,2,D03,C01,667111.74
Feb-2023,2023,2,D03,C02,138587.42
Feb-2023,2023,2,D03,C03,475286.79
Feb-2023,2023,2,D03,C04,233871.97
Feb-2023,2023,2,D03,C05,271549.39
Feb-2023,2023,2,D03,C06,409773.9
Feb-2023,2023,2,D03,C07,419804.27
Feb-2023,2023,2,D03,C08,295978.46
Feb-2023,2023,2,D03,C09,257345.1
Feb-2023,2023,2,D03,C10,99509.17
Feb-2023,2023,2,D04,C01,664526.91
Feb-2023,2023,2,D04,C02,151620.13
Feb-2023,2023,2,D04,C03,339030.96
Feb-2023,2023,2,D04,C04,478531.93
Feb-2023,2023,2,D04,C05,485565.45
Feb-2023,2023,2,D04,C06,419526.89
Feb-2023,2023,2,D04,C07,482768.26
Feb-2023,2023,2,D04,C08,121022.29
Feb-2023,2023,2,D04,C09,289481.56
Feb-2023,2023,2,D04,C10,264864.05
Feb-2023,2023,2,D05,C01,373222.94
Feb-2023,2023,2,D05,C02,287974.3
Feb-2023,2023,2,D05,C03,320633.11
Feb-2023,2023,2,D05,C04,461914.57
Feb-2023,2023,2,D05,C05,188687.59
Feb-2023,2023,2,D05,C06,358259.36
Feb-2023,2023,2,D05,C07,487026.65
Feb-2023,2023,2,D05,C08,298428.57
Feb-2023,2023,2,D05,C09,241348.6
Feb-2023,2023,2,D05,C10,157638.87
Feb-2023,2023,2,D06,C01,881750.78
Feb-2023,2023,2,D06,C02,405555.79
Feb-2023,2023,2,D06,C03,863699.36
Feb-2023,2023,2,D06,C04,455827.49
Feb-2023,2023,2,D06,C05,331117.99
Feb-2023,2023,2,D06,C06,467187.18
Feb-2023,2023,2,D06,C07,353095.5
Feb-2023,2023,2,D06,C08,162312.8
Feb-2023,2023,2,D06,C09,65829.55
Feb-2023,2023,2,D06,C10,216638.74
Feb-2023,2023,2,D07,C01,533206.37
Feb-2023,2023,2,D07,C02,193966.59
Feb-2023,2023,2,D07,C03,797242.51
Feb-2023,2023,2,D07,C04,229836.4
Feb-2023,2023,2,D07,C05,197992.49
Feb-2023,2023,2,D07,C06,307932.35
Feb-2023,2023,2,D07,C07,384554.53
Feb-2023,2023,2,D07,C08,416922.73
Feb-2023,2023,2,D07,C09,76092.73
Feb-2023,2023,2,D07,C10,494492.51
Feb-2023,2023,2,D08,C01,763346.86
Feb-2023,2023,2,D08,C02,163460.59
Feb-2023,2023,2,D08,C03,303313.27
Feb-2023,2023,2,D08,C04,422493.8
Feb-2023,2023,2,D08,C05,376880.08
Feb-2023,2023,2,D08,C06,386183.01
Feb-2023,2023,2,D08,C07,762762.21
Feb-2023,2023,2,D08,C08,111098.75
Feb-2023,2023,2,D08,C09,175463.0
Feb-2023,2023,2,D08,C10,128665.01
Mar-2023,2023,3,D01,C01,603432.68
Mar-2023,2023,3,D01,C02,551195.01
Mar-2023,2023,3,D01,C03,850075.82
Mar-2023,2023,3,D01,C04,381152.05
Mar-2023,2023,3,D01,C05,167357.0
Mar-2023,2023,3,D01,C06,167345.35
Mar-2023,2023,3,D01,C07,385077.69
Mar-2023,2023,3,D01,C08,510363.08
Mar-2023,2023,3,D01,C09,299448.79
Mar-2023,2023,3,D01,C10,433999.06
Mar-2023,2023,3,D02,C01,359203.3
Mar-2023,2023,3,D02,C02,560466.46
Mar-2023,2023,3,D02,C03,919385.42
Mar-2023,2023,3,D02,C04,194559.79
Mar-2023,2023,3,D02,C05,179821.46
Mar-2023,2023,3,D02,C06,180584.38
Mar-2023,2023,3,D02,C07,554927.15
Mar-2023,2023,3,D02,C08,345457.36
Mar-2023,2023,3,D02,C09,231357.87
Mar-2023,2023,3,D02,C10,232663.67
Mar-2023,2023,3,D03,C01,767178.5
Mar-2023,2023,3,D03,C02,159375.53
Mar-2023,2023,3,D03,C03,546579.81
Mar-2023,2023,3,D03,C04,268952.77
Mar-2023,2023,3,D03,C05,312281.8
Mar-2023,2023,3,D03,C06,471239.99
Mar-2023,2023,3,D03,C07,482774.91
Mar-2023,2023,3,D03,C08,340375.23
Mar-2023,2023,3,D03,C09,295946.86
Mar-2023,2023,3,D03,C10,114435.55
Mar-2023,2023,3,D04,C01,764205.95
Mar-2023,2023,3,D04,C02,174363.15
Mar-2023,2023,3,D04,C03,389885.6
Mar-2023,2023,3,D04,C04,550311.71
Mar-2023,2023,3,D04,C05,558400.27
Mar-2023,2023,3,D04,C06,482455.92
Mar-2023,2023,3,D04,C07,555183.5
Mar-2023,2023,3,D04,C08,139175.63
Mar-2023,2023,3,D04,C09,332903.79
Mar-2023,2023,3,D04,C10,304593.65
Mar-2023,2023,3,D05,C01,429206.38
Mar-2023,2023,3,D05,C02,331170.45
Mar-2023,2023,3,D05,C03,368728.08
Mar-2023,2023,3,D05,C04,531201.75
Mar-2023,2023,3,D05,C05,216990.73
Mar-2023,2023,3,D05,C06,411998.26
Mar-2023,2023,3,D05,C07,560080.64
Mar-2023,2023,3,D05,C08,343192.85
Mar-2023,2023,3,D05,C09,277550.89
Mar-2023,2023,3,D05,C10,181284.7
Mar-2023,2023,3,D06,C01,1014013.39
Mar-2023,2023,3,D06,C02,466389.15
Mar-2023,2023,3,D06,C03,993254.27
Mar-2023,2023,3,D06,C04,524201.61
Mar-2023,2023,3,D06,C05,380785.69
Mar-2023,2023,3,D06,C06,537265.26
Mar-2023,2023,3,D06,C07,406059.83
Mar-2023,2023,3,D06,C08,186659.72
Mar-2023,2023,3,D06,C09,75703.98
Mar-2023,2023,3,D06,C10,249134.55
Mar-2023,2023,3,D07,C01,613187.33
Mar-2023,2023,3,D07,C02,223061.58
Mar-2023,2023,3,D07,C03,916828.88
Mar-2023,2023,3,D07,C04,264311.86
Mar-2023,2023,3,D07,C05,227691.37
Mar-2023,2023,3,D07,C06,354122.21
Mar-2023,2023,3,D07,C07,442237.72
Mar-2023,2023,3,D07,C08,479461.14
Mar-2023,2023,3,D07,C09,87506.63
Mar-2023,2023,3,D07,C10,568666.39
Mar-2023,2023,3,D08,C01,877848.89
Mar-2023,2023,3,D08,C02,187979.67
Mar-2023,2023,3,D08,C03,348810.26
Mar-2023,2023,3,D08,C04,485867.87
Mar-2023,2023,3,D08,C05,433412.1
Mar-2023,2023,3,D08,C06,444110.46
Mar-2023,2023,3,D08,C07,877176.54
Mar-2023,2023,3,D08,C08,127763.57
Mar-2023,2023,3,D08,C09,201782.46
Mar-2023,2023,3,D08,C10,147964.76
Apr-2023,2023,4,D01,C01,524724.07
Apr-2023,2023,4,D01,C02,479300.01
Apr-2023,2023,4,D01,C03,739196.37
Apr-2023,2023,4,D01,C04,331436.56
Apr-2023,2023,4,D01,C05,145527.83
Apr-2023,2023,4,D01,C06,145517.7
Apr-2023,2023,4,D01,C07,334850.17
Apr-2023,2023,4,D01,C08,443793.98
Apr-2023,2023,4,D01,C09,260390.25
Apr-2023,2023,4,D01,C10,377390.48
Apr-2023,2023,4,D02,C01,312350.7
Apr-2023,2023,4,D02,C02,487362.14
Apr-2023,2023,4,D02,C03,799465.58
Apr-2023,2023,4,D02,C04,169182.43
Apr-2023,2023,4,D02,C05,156366.49
Apr-2023,2023,4,D02,C06,157029.89
Apr-2023,2023,4,D02,C07,482545.35
Apr-2023,2023,4,D02,C08,300397.7
Apr-2023,2023,4,D02,C09,201180.76
Apr-2023,2023,4,D02,C10,202316.24
Apr-2023,2023,4,D03,C01,667111.74
Apr-2023,2023,4,D03,C02,138587.42
Apr-2023,2023,4,D03,C03,475286.79
Apr-2023,2023,4,D03,C04,233871.97
Apr-2023,2023,4,D03,C05,271549.39
Apr-2023,2023,4,D03,C06,409773.9
Apr-2023,2023,4,D03,C07,419804.27
Apr-2023,2023,4,D03,C08,295978.46
Apr-2023,2023,4,D03,C09,257345.1
Apr-2023,2023,4,D03,C10,99509.17
Apr-2023,2023,4,D04,C01,664526.91
Apr-2023,2023,4,D04,C02,151620.13
Apr-2023,2023,4,D04,C03,339030.96
Apr-2023,2023,4,D04,C04,478531.93
Apr-2023,2023,4,D04,C05,485565.45
Apr-2023,2023,4,D04,C06,419526.89
Apr-2023,2023,4,D04,C07,482768.26
Apr-2023,2023,4,D04,C08,121022.29
Apr-2023,2023,4,D04,C09,289481.56
Apr-2023,2023,4,D04,C10,264864.05
Apr-2023,2023,4,D05,C01,373222.94
Apr-2023,2023,4,D05,C02,287974.3
Apr-2023,2023,4,D05,C03,320633.11
Apr-2023,2023,4,D05,C04,461914.57
Apr-2023,2023,4,D05,C05,188687.59
Apr-2023,2023,4,D05,C06,358259.36
Apr-2023,2023,4,D05,C07,487026.65
Apr-2023,2023,4,D05,C08,298428.57
Apr-2023,2023,4,D05,C09,241348.6
Apr-2023,2023,4,D05,C10,157638.87
Apr-2023,2023,4,D06,C01,881750.78
Apr-2023,2023,4,D06,C02,405555.79
Apr-2023,2023,4,D06,C03,863699.36
Apr-2023,2023,4,D06,C04,455827.49
Apr-2023,2023,4,D06,C05,331117.99
Apr-2023,2023,4,D06,C06,467187.18
Apr-2023,2023,4,D06,C07,353095.5
Apr-2023,2023,4,D06,C08,162312.8
Apr-2023,2023,4,D06,C09,65829.55
Apr-2023,2023,4,D06,C10,216638.74
Apr-2023,2023,4,D07,C01,533206.37
Apr-2023,2023,4,D07,C02,193966.59
Apr-2023,2023,4,D07,C03,797242.51
Apr-2023,2023,4,D07,C04,229836.4
Apr-2023,2023,4,D07,C05,197992.49
Apr-2023,2023,4,D07,C06,307932.35
Apr-2023,2023,4,D07,C07,384554.53
Apr-2023,2023,4,D07,C08,416922.73
Apr-2023,2023,4,D07,C09,76092.73
Apr-2023,2023,4,D07,C10,494492.51
Apr-2023,2023,4,D08,C01,763346.86
Apr-2023,2023,4,D08,C02,163460.59
Apr-2023,2023,4,D08,C03,303313.27
Apr-2023,2023,4,D08,C04,422493.8
Apr-2023,2023,4,D08,C05,376880.08
Apr-2023,2023,4,D08,C06,386183.01
Apr-2023,2023,4,D08,C07,762762.21
Apr-2023,2023,4,D08,C08,111098.75
Apr-2023,2023,4,D08,C09,175463.0
Apr-2023,2023,4,D08,C10,128665.01
May-2023,2023,5,D01,C01,524724.07
May-2023,2023,5,D01,C02,479300.01
May-2023,2023,5,D01,C03,739196.37
May-2023,2023,5,D01,C04,331436.56
May-2023,2023,5,D01,C05,145527.83
May-2023,2023,5,D01,C06,145517.7
May-2023,2023,5,D01,C07,334850.17
May-2023,2023,5,D01,C08,443793.98
May-2023,2023,5,D01,C09,260390.25
May-2023,2023,5,D01,C10,377390.48
May-2023,2023,5,D02,C01,312350.7
May-2023,2023,5,D02,C02,487362.14
May-2023,2023,5,D02,C03,799465.58
May-2023,2023,5,D02,C04,169182.43
May-2023,2023,5,D02,C05,156366.49
May-2023,2023,5,D02,C06,157029.89
May-2023,2023,5,D02,C07,482545.35
May-2023,2023,5,D02,C08,300397.7
May-2023,2023,5,D02,C09,201180.76
May-2023,2023,5,D02,C10,202316.24
May-2023,2023,5,D03,C01,667111.74
May-2023,2023,5,D03,C02,138587.42
May-2023,2023,5,D03,C03,475286.79
May-2023,2023,5,D03,C04,233871.97
May-2023,2023,5,D03,C05,271549.39
May-2023,2023,5,D03,C06,409773.9
May-2023,2023,5,D03,C07,419804.27
May-2023,2023,5,D03,C08,295978.46
May-2023,2023,5,D03,C09,257345.1
May-2023,2023,5,D03,C10,99509.17
May-2023,2023,5,D04,C01,664526.91
May-2023,2023,5,D04,C02,151620.13
May-2023,2023,5,D04,C03,339030.96
May-2023,2023,5,D04,C04,478531.93
May-2023,2023,5,D04,C05,485565.45
May-2023,2023,5,D04,C06,419526.89
May-2023,2023,5,D04,C07,482768.26
May-2023,2023,5,D04,C08,121022.29
May-2023,2023,5,D04,C09,289481.56
May-2023,2023,5,D04,C10,264864.05
May-2023,2023,5,D05,C01,373222.94
May-2023,2023,5,D05,C02,287974.3
May-2023,2023,5,D05,C03,320633.11
May-2023,2023,5,D05,C04,461914.57
May-2023,2023,5,D05,C05,188687.59
May-2023,2023,5,D05,C06,358259.36
May-2023,2023,5,D05,C07,487026.65
May-2023,2023,5,D05,C08,298428.57
May-2023,2023,5,D05,C09,241348.6
May-2023,2023,5,D05,C10,157638.87
May-2023,2023,5,D06,C01,881750.78
May-2023,2023,5,D06,C02,405555.79
May-2023,2023,5,D06,C03,863699.36
May-2023,2023,5,D06,C04,455827.49
May-2023,2023,5,D06,C05,331117.99
May-2023,2023,5,D06,C06,467187.18
May-2023,2023,5,D06,C07,353095.5
May-2023,2023,5,D06,C08,162312.8
May-2023,2023,5,D06,C09,65829.55
May-2023,2023,5,D06,C10,216638.74
May-2023,2023,5,D07,C01,533206.37
May-2023,2023,5,D07,C02,193966.59
May-2023,2023,5,D07,C03,797242.51
May-2023,2023,5,D07,C04,229836.4
May-2023,2023,5,D07,C05,197992.49
May-2023,2023,5,D07,C06,307932.35
May-2023,2023,5,D07,C07,384554.53
May-2023,2023,5,D07,C08,416922.73
May-2023,2023,5,D07,C09,76092.73
May-2023,2023,5,D07,C10,494492.51
May-2023,2023,5,D08,C01,763346.86
May-2023,2023,5,D08,C02,163460.59
May-2023,2023,5,D08,C03,303313.27
May-2023,2023,5,D08,C04,422493.8
May-2023,2023,5,D08,C05,376880.08
May-2023,2023,5,D08,C06,386183.01
May-2023,2023,5,D08,C07,762762.21
May-2023,2023,5,D08,C08,111098.75
May-2023,2023,5,D08,C09,175463.0
May-2023,2023,5,D08,C10,128665.01
Jun-2023,2023,6,D01,C01,482746.15
Jun-2023,2023,6,D01,C02,440956.01
Jun-2023,2023,6,D01,C03,680060.66
Jun-2023,2023,6,D01,C04,304921.64
Jun-2023,2023,6,D01,C05,133885.6
Jun-2023,2023,6,D01,C06,133876.28
Jun-2023,2023,6,D01,C07,308062.15
Jun-2023,2023,6,D01,C08,408290.46
Jun-2023,2023,6,D01,C09,239559.03
Jun-2023,2023,6,D01,C10,347199.24
Jun-2023,2023,6,D02,C01,287362.64
Jun-2023,2023,6,D02,C02,448373.17
Jun-2023,2023,6,D02,C03,735508.34
Jun-2023,2023,6,D02,C04,155647.83
Jun-2023,2023,6,D02,C05,143857.17
Jun-2023,2023,6,D02,C06,144467.5
Jun-2023,2023,6,D02,C07,443941.72
Jun-2023,2023,6,D02,C08,276365.89
Jun-2023,2023,6,D02,C09,185086.3
Jun-2023,2023,6,D02,C10,186130.94
Jun-2023,2023,6,D03,C01,613742.8
Jun-2023,2023,6,D03,C02,127500.43
Jun-2023,2023,6,D03,C03,437263.85
Jun-2023,2023,6,D03,C04,215162.22
Jun-2023,2023,6,D03,C05,249825.44
Jun-2023,2023,6,D03,C06,376991.99
Jun-2023,2023,6,D03,C07,386219.93
Jun-2023,2023,6,D03,C08,272300.19
Jun-2023,2023,6,D03,C09,236757.49
Jun-2023,2023,6,D03,C10,91548.44
Jun-2023,2023,6,D04,C01,611364.76
Jun-2023,2023,6,D04,C02,139490.52
Jun-2023,2023,6,D04,C03,311908.48
Jun-2023,2023,6,D04,C04,440249.37
Jun-2023,2023,6,D04,C05,446720.22
Jun-2023,2023,6,D04,C06,385964.74
Jun-2023,2023,6,D04,C07,444146.8
Jun-2023,2023,6,D04,C08,111340.5
Jun-2023,2023,6,D04,C09,266323.03
Jun-2023,2023,6,D04,C10,243674.92
Jun-2023,2023,6,D05,C01,343365.11
Jun-2023,2023,6,D05,C02,264936.36
Jun-2023,2023,6,D05,C03,294982.46
Jun-2023,2023,6,D05,C04,424961.4
Jun-2023,2023,6,D05,C05,173592.58
Jun-2023,2023,6,D05,C06,329598.61
Jun-2023,2023,6,D05,C07,448064.51
Jun-2023,2023,6,D05,C08,274554.28
Jun-2023,2023,6,D05,C09,222040.71
Jun-2023,2023,6,D05,C10,145027.76
Jun-2023,2023,6,D06,C01,811210.71
Jun-2023,2023,6,D06,C02,373111.32
Jun-2023,2023,6,D06,C03,794603.42
Jun-2023,2023,6,D06,C04,419361.29
Jun-2023,2023,6,D06,C05,304628.55
Jun-2023,2023,6,D06,C06,429812.2
Jun-2023,2023,6,D06,C07,324847.86
Jun-2023,2023,6,D06,C08,149327.78
Jun-2023,2023,6,D06,C09,60563.19
Jun-2023,2023,6,D06,C10,199307.64
Jun-2023,2023,6,D07,C01,490549.86
Jun-2023,2023,6,D07,C02,178449.27
Jun-2023,2023,6,D07,C03,733463.11
Jun-2023,2023,6,D07,C04,211449.49
Jun-2023,2023,6,D07,C05,182153.09
Jun-2023,2023,6,D07,C06,283297.77
Jun-2023,2023,6,D07,C07,353790.17
Jun-2023,2023,6,D07,C08,383568.91
Jun-2023,2023,6,D07,C09,70005.31
Jun-2023,2023,6,D07,C10,454933.11
Jun-2023,2023,6,D08,C01,702279.11
Jun-2023,2023,6,D08,C02,150383.74
Jun-2023,2023,6,D08,C03,279048.21
Jun-2023,2023,6,D08,C04,388694.3
Jun-2023,2023,6,D08,C05,346729.68
Jun-2023,2023,6,D08,C06,355288.37
Jun-2023,2023,6,D08,C07,701741.23
Jun-2023,2023,6,D08,C08,102210.85
Jun-2023,2023,6,D08,C09,161425.96
Jun-2023,2023,6,D08,C10,118371.8
Jul-2023,2023,7,D01,C01,482746.15
Jul-2023,2023,7,D01,C02,440956.01
Jul-2023,2023,7,D01,C03,680060.66
Jul-2023,2023,7,D01,C04,304921.64
Jul-2023,2023,7,D01,C05,133885.6
Jul-2023,2023,7,D01,C06,133876.28
Jul-2023,2023,7,D01,C07,308062.15
Jul-2023,2023,7,D01,C08,408290.46
Jul-2023,2023,7,D01,C09,239559.03
Jul-2023,2023,7,D01,C10,347199.24
Jul-2023,2023,7,D02,C01,287362.64
Jul-2023,2023,7,D02,C02,448373.17
Jul-2023,2023,7,D02,C03,735508.34
Jul-2023,2023,7,D02,C04,155647.83
Jul-2023,2023,7,D02,C05,143857.17
Jul-2023,2023,7,D02,C06,144467.5
Jul-2023,2023,7,D02,C07,443941.72
Jul-2023,2023,7,D02,C08,276365.89
Jul-2023,2023,7,D02,C09,185086.3
Jul-2023,2023,7,D02,C10,186130.94
Jul-2023,2023,7,D03,C01,613742.8
Jul-2023,2023,7,D03,C02,127500.43
Jul-2023,2023,7,D03,C03,437263.85
Jul-2023,2023,7,D03,C04,215162.22
Jul-2023,2023,7,D03,C05,249825.44
Jul-2023,2023,7,D03,C06,376991.99
Jul-2023,2023,7,D03,C07,386219.93
Jul-2023,2023,7,D03,C08,272300.19
Jul-2023,2023,7,D03,C09,236757.49
Jul-2023,2023,7,D03,C10,91548.44
Jul-2023,2023,7,D04,C01,611364.76
Jul-2023,2023,7,D04,C02,139490.52
Jul-2023,2023,7,D04,C03,311908.48
Jul-2023,2023,7,D04,C04,440249.37
Jul-2023,2023,7,D04,C05,446720.22
Jul-2023,2023,7,D04,C06,385964.74
Jul-2023,2023,7,D04,C07,444146.8
Jul-2023,2023,7,D04,C08,111340.5
Jul-2023,2023,7,D04,C09,266323.03
Jul-2023,2023,7,D04,C10,243674.92
Jul-2023,2023,7,D05,C01,343365.11
Jul-2023,2023,7,D05,C02,264936.36
Jul-2023,2023,7,D05,C03,294982.46
Jul-2023,2023,7,D05,C04,424961.4
Jul-2023,2023,7,D05,C05,173592.58
Jul-2023,2023,7,D05,C06,329598.61
Jul-2023,2023,7,D05,C07,448064.51
Jul-2023,2023,7,D05,C08,274554.28
Jul-2023,2023,7,D05,C09,222040.71
Jul-2023,2023,7,D05,C10,145027.76
Jul-2023,2023,7,D06,C01,811210.71
Jul-2023,2023,7,D06,C02,373111.32
Jul-2023,2023,7,D06,C03,794603.42
Jul-2023,2023,7,D06,C04,419361.29
Jul-2023,2023,7,D06,C05,304628.55
Jul-2023,2023,7,D06,C06,429812.2
Jul-2023,2023,7,D06,C07,324847.86
Jul-2023,2023,7,D06,C08,149327.78
Jul-2023,2023,7,D06,C09,60563.19
Jul-2023,2023,7,D06,C10,199307.64
Jul-2023,2023,7,D07,C01,490549.86
Jul-2023,2023,7,D07,C02,178449.27
Jul-2023,2023,7,D07,C03,733463.11
Jul-2023,2023,7,D07,C04,211449.49
Jul-2023,2023,7,D07,C05,182153.09
Jul-2023,2023,7,D07,C06,283297.77
Jul-2023,2023,7,D07,C07,353790.17
Jul-2023,2023,7,D07,C08,383568.91
Jul-2023,2023,7,D07,C09,70005.31
Jul-2023,2023,7,D07,C10,454933.11
Jul-2023,2023,7,D08,C01,702279.11
Jul-2023,2023,7,D08,C02,150383.74
Jul-2023,2023,7,D08,C03,279048.21
Jul-2023,2023,7,D08,C04,388694.3
Jul-2023,2023,7,D08,C05,346729.68
Jul-2023,2023,7,D08,C06,355288.37
Jul-2023,2023,7,D08,C07,701741.23
Jul-2023,2023,7,D08,C08,102210.85
Jul-2023,2023,7,D08,C09,161425.96
Jul-2023,2023,7,D08,C10,118371.8
Aug-2023,2023,8,D01,C01,524724.07
Aug-2023,2023,8,D01,C02,479300.01
Aug-2023,2023,8,D01,C03,739196.37
Aug-2023,2023,8,D01,C04,331436.56
Aug-2023,2023,8,D01,C05,145527.83
Aug-2023,2023,8,D01,C06,145517.7
Aug-2023,2023,8,D01,C07,334850.17
Aug-2023,2023,8,D01,C08,443793.98
Aug-2023,2023,8,D01,C09,260390.25
Aug-2023,2023,8,D01,C10,377390.48
Aug-2023,2023,8,D02,C01,312350.7
Aug-2023,2023,8,D02,C02,487362.14
Aug-2023,2023,8,D02,C03,799465.58
Aug-2023,2023,8,D02,C04,169182.43
Aug-2023,2023,8,D02,C05,156366.49
Aug-2023,2023,8,D02,C06,157029.89
Aug-2023,2023,8,D02,C07,482545.35
Aug-2023,2023,8,D02,C08,300397.7
Aug-2023,2023,8,D02,C09,201180.76
Aug-2023,2023,8,D02,C10,202316.24
Aug-2023,2023,8,D03,C01,667111.74
Aug-2023,2023,8,D03,C02,138587.42
Aug-2023,2023,8,D03,C03,475286.79
Aug-2023,2023,8,D03,C04,233871.97
Aug-2023,2023,8,D03,C05,271549.39
Aug-2023,2023,8,D03,C06,409773.9
Aug-2023,2023,8,D03,C07,419804.27
Aug-2023,2023,8,D03,C08,295978.46
Aug-2023,2023,8,D03,C09,257345.1
Aug-2023,2023,8,D03,C10,99509.17
Aug-2023,2023,8,D04,C01,664526.91
Aug-2023,2023,8,D04,C02,151620.13
Aug-2023,2023,8,D04,C03,339030.96
Aug-2023,2023,8,D04,C04,478531.93
Aug-2023,2023,8,D04,C05,485565.45
Aug-2023,2023,8,D04,C06,419526.89
Aug-2023,2023,8,D04,C07,482768.26
Aug-2023,2023,8,D04,C08,121022.29
Aug-2023,2023,8,D04,C09,289481.56
Aug-2023,2023,8,D04,C10,264864.05
Aug-2023,2023,8,D05,C01,373222.94
Aug-2023,2023,8,D05,C02,287974.3
Aug-2023,2023,8,D05,C03,320633.11
Aug-2023,2023,8,D05,C04,461914.57
Aug-2023,2023,8,D05,C05,188687.59
Aug-2023,2023,8,D05,C06,358259.36
Aug-2023,2023,8,D05,C07,487026.65
Aug-2023,2023,8,D05,C08,298428.57
Aug-2023,2023,8,D05,C09,241348.6
Aug-2023,2023,8,D05,C10,157638.87
Aug-2023,2023,8,D06,C01,881750.78
Aug-2023,2023,8,D06,C02,405555.79
Aug-2023,2023,8,D06,C03,863699.36
Aug-2023,2023,8,D06,C04,455827.49
Aug-2023,2023,8,D06,C05,331117.99
Aug-2023,2023,8,D06,C06,467187.18
Aug-2023,2023,8,D06,C07,353095.5
Aug-2023,2023,8,D06,C08,162312.8
Aug-2023,2023,8,D06,C09,65829.55
Aug-2023,2023,8,D06,C10,216638.74
Aug-2023,2023,8,D07,C01,533206.37
Aug-2023,2023,8,D07,C02,193966.59
Aug-2023,2023,8,D07,C03,797242.51
Aug-2023,2023,8,D07,C04,229836.4
Aug-2023,2023,8,D07,C05,197992.49
Aug-2023,2023,8,D07,C06,307932.35
Aug-2023,2023,8,D07,C07,384554.53
Aug-2023,2023,8,D07,C08,416922.73
Aug-2023,2023,8,D07,C09,76092.73
Aug-2023,2023,8,D07,C10,494492.51
Aug-2023,2023,8,D08,C01,763346.86
Aug-2023,2023,8,D08,C02,163460.59
Aug-2023,2023,8,D08,C03,303313.27
Aug-2023,2023,8,D08,C04,422493.8
Aug-2023,2023,8,D08,C05,376880.08
Aug-2023,2023,8,D08,C06,386183.01
Aug-2023,2023,8,D08,C07,762762.21
Aug-2023,2023,8,D08,C08,111098.75
Aug-2023,2023,8,D08,C09,175463.0
Aug-2023,2023,8,D08,C10,128665.01
Sep-2023,2023,9,D01,C01,524724.07
Sep-2023,2023,9,D01,C02,479300.01
Sep-2023,2023,9,D01,C03,739196.37
Sep-2023,2023,9,D01,C04,331436.56
Sep-2023,2023,9,D01,C05,145527.83
Sep-2023,2023,9,D01,C06,145517.7
Sep-2023,2023,9,D01,C07,334850.17
Sep-2023,2023,9,D01,C08,443793.98
Sep-2023,2023,9,D01,C09,260390.25
Sep-2023,2023,9,D01,C10,377390.48
Sep-2023,2023,9,D02,C01,312350.7
Sep-2023,2023,9,D02,C02,487362.14
Sep-2023,2023,9,D02,C03,799465.58
Sep-2023,2023,9,D02,C04,169182.43
Sep-2023,2023,9,D02,C05,156366.49
Sep-2023,2023,9,D02,C06,157029.89
Sep-2023,2023,9,D02,C07,482545.35
Sep-2023,2023,9,D02,C08,300397.7
Sep-2023,2023,9,D02,C09,201180.76
Sep-2023,2023,9,D02,C10,202316.24
Sep-2023,2023,9,D03,C01,667111.74
Sep-2023,2023,9,D03,C02,138587.42
Sep-2023,2023,9,D03,C03,475286.79
Sep-2023,2023,9,D03,C04,233871.97
Sep-2023,2023,9,D03,C05,271549.39
Sep-2023,2023,9,D03,C06,409773.9
Sep-2023,2023,9,D03,C07,419804.27
Sep-2023,2023,9,D03,C08,295978.46
Sep-2023,2023,9,D03,C09,257345.1
Sep-2023,2023,9,D03,C10,99509.17
Sep-2023,2023,9,D04,C01,664526.91
Sep-2023,2023,9,D04,C02,151620.13
Sep-2023,2023,9,D04,C03,339030.96
Sep-2023,2023,9,D04,C04,478531.93
Sep-2023,2023,9,D04,C05,485565.45
Sep-2023,2023,9,D04,C06,419526.89
Sep-2023,2023,9,D04,C07,482768.26
Sep-2023,2023,9,D04,C08,121022.29
Sep-2023,2023,9,D04,C09,289481.56
Sep-2023,2023,9,D04,C10,264864.05
Sep-2023,2023,9,D05,C01,373222.94
Sep-2023,2023,9,D05,C02,287974.3
Sep-2023,2023,9,D05,C03,320633.11
Sep-2023,2023,9,D05,C04,461914.57
Sep-2023,2023,9,D05,C05,188687.59
Sep-2023,2023,9,D05,C06,358259.36
Sep-2023,2023,9,D05,C07,487026.65
Sep-2023,2023,9,D05,C08,298428.57
Sep-2023,2023,9,D05,C09,241348.6
Sep-2023,2023,9,D05,C10,157638.87
Sep-2023,2023,9,D06,C01,881750.78
Sep-2023,2023,9,D06,C02,405555.79
Sep-2023,2023,9,D06,C03,863699.36
Sep-2023,2023,9,D06,C04,455827.49
Sep-2023,2023,9,D06,C05,331117.99
Sep-2023,2023,9,D06,C06,467187.18
Sep-2023,2023,9,D06,C07,353095.5
Sep-2023,2023,9,D06,C08,162312.8
Sep-2023,2023,9,D06,C09,65829.55
Sep-2023,2023,9,D06,C10,216638.74
Sep-2023,2023,9,D07,C01,533206.37
Sep-2023,2023,9,D07,C02,193966.59
Sep-2023,2023,9,D07,C03,797242.51
Sep-2023,2023,9,D07,C04,229836.4
Sep-2023,2023,9,D07,C05,197992.49
Sep-2023,2023,9,D07,C06,307932.35
Sep-2023,2023,9,D07,C07,384554.53
Sep-2023,2023,9,D07,C08,416922.73
Sep-2023,2023,9,D07,C09,76092.73
Sep-2023,2023,9,D07,C10,494492.51
Sep-2023,2023,9,D08,C01,763346.86
Sep-2023,2023,9,D08,C02,163460.59
Sep-2023,2023,9,D08,C03,303313.27
Sep-2023,2023,9,D08,C04,422493.8
Sep-2023,2023,9,D08,C05,376880.08
Sep-2023,2023,9,D08,C06,386183.01
Sep-2023,2023,9,D08,C07,762762.21
Sep-2023,2023,9,D08,C08,111098.75
Sep-2023,2023,9,D08,C09,175463.0
Sep-2023,2023,9,D08,C10,128665.01
Oct-2023,2023,10,D01,C01,524724.07
Oct-2023,2023,10,D01,C02,479300.01
Oct-2023,2023,10,D01,C03,739196.37
Oct-2023,2023,10,D01,C04,331436.56
Oct-2023,2023,10,D01,C05,145527.83
Oct-2023,2023,10,D01,C06,145517.7
Oct-2023,2023,10,D01,C07,334850.17
Oct-2023,2023,10,D01,C08,443793.98
Oct-2023,2023,10,D01,C09,260390.25
Oct-2023,2023,10,D01,C10,377390.48
Oct-2023,2023,10,D02,C01,312350.7
Oct-2023,2023,10,D02,C02,487362.14
Oct-2023,2023,10,D02,C03,799465.58
Oct-2023,2023,10,D02,C04,169182.43
Oct-2023,2023,10,D02,C05,156366.49
Oct-2023,2023,10,D02,C06,157029.89
Oct-2023,2023,10,D02,C07,482545.35
Oct-2023,2023,10,D02,C08,300397.7
Oct-2023,2023,10,D02,C09,201180.76
Oct-2023,2023,10,D02,C10,202316.24
Oct-2023,2023,10,D03,C01,667111.74
Oct-2023,2023,10,D03,C02,138587.42
Oct-2023,2023,10,D03,C03,475286.79
Oct-2023,2023,10,D03,C04,233871.97
Oct-2023,2023,10,D03,C05,271549.39
Oct-2023,2023,10,D03,C06,409773.9
Oct-2023,2023,10,D03,C07,419804.27
Oct-2023,2023,10,D03,C08,295978.46
Oct-2023,2023,10,D03,C09,257345.1
Oct-2023,2023,10,D03,C10,99509.17
Oct-2023,2023,10,D04,C01,664526.91
Oct-2023,2023,10,D04,C02,151620.13
Oct-2023,2023,10,D04,C03,339030.96
Oct-2023,2023,10,D04,C04,478531.93
Oct-2023,2023,10,D04,C05,485565.45
Oct-2023,2023,10,D04,C06,419526.89
Oct-2023,2023,10,D04,C07,482768.26
Oct-2023,2023,10,D04,C08,121022.29
Oct-2023,2023,10,D04,C09,289481.56
Oct-2023,2023,10,D04,C10,264864.05
Oct-2023,2023,10,D05,C01,373222.94
Oct-2023,2023,10,D05,C02,287974.3
Oct-2023,2023,10,D05,C03,320633.11
Oct-2023,2023,10,D05,C04,461914.57
Oct-2023,2023,10,D05,C05,188687.59
Oct-2023,2023,10,D05,C06,358259.36
Oct-2023,2023,10,D05,C07,487026.65
Oct-2023,2023,10,D05,C08,298428.57
Oct-2023,2023,10,D05,C09,241348.6
Oct-2023,2023,10,D05,C10,157638.87
Oct-2023,2023,10,D06,C01,881750.78
Oct-2023,2023,10,D06,C02,405555.79
Oct-2023,2023,10,D06,C03,863699.36
Oct-2023,2023,10,D06,C04,455827.49
Oct-2023,2023,10,D06,C05,331117.99
Oct-2023,2023,10,D06,C06,467187.18
Oct-2023,2023,10,D06,C07,353095.5
Oct-2023,2023,10,D06,C08,162312.8
Oct-2023,2023,10,D06,C09,65829.55
Oct-2023,2023,10,D06,C10,216638.74
Oct-2023,2023,10,D07,C01,533206.37
Oct-2023,2023,10,D07,C02,193966.59
Oct-2023,2023,10,D07,C03,797242.51
Oct-2023,2023,10,D07,C04,229836.4
Oct-2023,2023,10,D07,C05,197992.49
Oct-2023,2023,10,D07,C06,307932.35
Oct-2023,2023,10,D07,C07,384554.53
Oct-2023,2023,10,D07,C08,416922.73
Oct-2023,2023,10,D07,C09,76092.73
Oct-2023,2023,10,D07,C10,494492.51
Oct-2023,2023,10,D08,C01,763346.86
Oct-2023,2023,10,D08,C02,163460.59
Oct-2023,2023,10,D08,C03,303313.27
Oct-2023,2023,10,D08,C04,422493.8
Oct-2023,2023,10,D08,C05,376880.08
Oct-2023,2023,10,D08,C06,386183.01
Oct-2023,2023,10,D08,C07,762762.21
Oct-2023,2023,10,D08,C08,111098.75
Oct-2023,2023,10,D08,C09,175463.0
Oct-2023,2023,10,D08,C10,128665.01
Nov-2023,2023,11,D01,C01,524724.07
Nov-2023,2023,11,D01,C02,479300.01
Nov-2023,2023,11,D01,C03,739196.37
Nov-2023,2023,11,D01,C04,331436.56
Nov-2023,2023,11,D01,C05,145527.83
Nov-2023,2023,11,D01,C06,145517.7
Nov-2023,2023,11,D01,C07,334850.17
Nov-2023,2023,11,D01,C08,443793.98
Nov-2023,2023,11,D01,C09,260390.25
Nov-2023,2023,11,D01,C10,377390.48
Nov-2023,2023,11,D02,C01,312350.7
Nov-2023,2023,11,D02,C02,487362.14
Nov-2023,2023,11,D02,C03,799465.58
Nov-2023,2023,11,D02,C04,169182.43
Nov-2023,2023,11,D02,C05,156366.49
Nov-2023,2023,11,D02,C06,157029.89
Nov-2023,2023,11,D02,C07,482545.35
Nov-2023,2023,11,D02,C08,300397.7
Nov-2023,2023,11,D02,C09,201180.76
Nov-2023,2023,11,D02,C10,202316.24
Nov-2023,2023,11,D03,C01,667111.74
Nov-2023,2023,11,D03,C02,138587.42
Nov-2023,2023,11,D03,C03,475286.79
Nov-2023,2023,11,D03,C04,233871.97
Nov-2023,2023,11,D03,C05,271549.39
Nov-2023,2023,11,D03,C06,409773.9
Nov-2023,2023,11,D03,C07,419804.27
Nov-2023,2023,11,D03,C08,295978.46
Nov-2023,2023,11,D03,C09,257345.1
Nov-2023,2023,11,D03,C10,99509.17
Nov-2023,2023,11,D04,C01,664526.91
Nov-2023,2023,11,D04,C02,151620.13
Nov-2023,2023,11,D04,C03,339030.96
Nov-2023,2023,11,D04,C04,478531.93
Nov-2023,2023,11,D04,C05,485565.45
Nov-2023,2023,11,D04,C06,419526.89
Nov-2023,2023,11,D04,C07,482768.26
Nov-2023,2023,11,D04,C08,121022.29
Nov-2023,2023,11,D04,C09,289481.56
Nov-2023,2023,11,D04,C10,264864.05
Nov-2023,2023,11,D05,C01,373222.94
Nov-2023,2023,11,D05,C02,287974.3
Nov-2023,2023,11,D05,C03,320633.11
Nov-2023,2023,11,D05,C04,461914.57
Nov-2023,2023,11,D05,C05,188687.59
Nov-2023,2023,11,D05,C06,358259.36
Nov-2023,2023,11,D05,C07,487026.65
Nov-2023,2023,11,D05,C08,298428.57
Nov-2023,2023,11,D05,C09,241348.6
Nov-2023,2023,11,D05,C10,157638.87
Nov-2023,2023,11,D06,C01,881750.78
Nov-2023,2023,11,D06,C02,405555.79
Nov-2023,2023,11,D06,C03,863699.36
Nov-2023,2023,11,D06,C04,455827.49
Nov-2023,2023,11,D06,C05,331117.99
Nov-2023,2023,11,D06,C06,467187.18
Nov-2023,2023,11,D06,C07,353095.5
Nov-2023,2023,11,D06,C08,162312.8
Nov-2023,2023,11,D06,C09,65829.55
Nov-2023,2023,11,D06,C10,216638.74
Nov-2023,2023,11,D07,C01,533206.37
Nov-2023,2023,11,D07,C02,193966.59
Nov-2023,2023,11,D07,C03,797242.51
Nov-2023,2023,11,D07,C04,229836.4
Nov-2023,2023,11,D07,C05,197992.49
Nov-2023,2023,11,D07,C06,307932.35
Nov-2023,2023,11,D07,C07,384554.53
Nov-2023,2023,11,D07,C08,416922.73
Nov-2023,2023,11,D07,C09,76092.73
Nov-2023,2023,11,D07,C10,494492.51
Nov-2023,2023,11,D08,C01,763346.86
Nov-2023,2023,11,D08,C02,163460.59
Nov-2023,2023,11,D08,C03,303313.27
Nov-2023,2023,11,D08,C04,422493.8
Nov-2023,2023,11,D08,C05,376880.08
Nov-2023,2023,11,D08,C06,386183.01
Nov-2023,2023,11,D08,C07,762762.21
Nov-2023,2023,11,D08,C08,111098.75
Nov-2023,2023,11,D08,C09,175463.0
Nov-2023,2023,11,D08,C10,128665.01
Dec-2023,2023,12,D01,C01,603432.68
Dec-2023,2023,12,D01,C02,551195.01
Dec-2023,2023,12,D01,C03,850075.82
Dec-2023,2023,12,D01,C04,381152.05
Dec-2023,2023,12,D01,C05,167357.0
Dec-2023,2023,12,D01,C06,167345.35
Dec-2023,2023,12,D01,C07,385077.69
Dec-2023,2023,12,D01,C08,510363.08
Dec-2023,2023,12,D01,C09,299448.79
Dec-2023,2023,12,D01,C10,433999.06
Dec-2023,2023,12,D02,C01,359203.3
Dec-2023,2023,12,D02,C02,560466.46
Dec-2023,2023,12,D02,C03,919385.42
Dec-2023,2023,12,D02,C04,194559.79
Dec-2023,2023,12,D02,C05,179821.46
Dec-2023,2023,12,D02,C06,180584.38
Dec-2023,2023,12,D02,C07,554927.15
Dec-2023,2023,12,D02,C08,345457.36
Dec-2023,2023,12,D02,C09,231357.87
Dec-2023,2023,12,D02,C10,232663.67
Dec-2023,2023,12,D03,C01,767178.5
Dec-2023,2023,12,D03,C02,159375.53
Dec-2023,2023,12,D03,C03,546579.81
Dec-2023,2023,12,D03,C04,268952.77
Dec-2023,2023,12,D03,C05,312281.8
Dec-2023,2023,12,D03,C06,471239.99
Dec-2023,2023,12,D03,C07,482774.91
Dec-2023,2023,12,D03,C08,340375.23
Dec-2023,2023,12,D03,C09,295946.86
Dec-2023,2023,12,D03,C10,114435.55
Dec-2023,2023,12,D04,C01,764205.95
Dec-2023,2023,12,D04,C02,174363.15
Dec-2023,2023,12,D04,C03,389885.6
Dec-2023,2023,12,D04,C04,550311.71
Dec-2023,2023,12,D04,C05,558400.27
Dec-2023,2023,12,D04,C06,482455.92
Dec-2023,2023,12,D04,C07,555183.5
Dec-2023,2023,12,D04,C08,139175.63
Dec-2023,2023,12,D04,C09,332903.79
Dec-2023,2023,12,D04,C10,304593.65
Dec-2023,2023,12,D05,C01,429206.38
Dec-2023,2023,12,D05,C02,331170.45
Dec-2023,2023,12,D05,C03,368728.08
Dec-2023,2023,12,D05,C04,531201.75
Dec-2023,2023,12,D05,C05,216990.73
Dec-2023,2023,12,D05,C06,411998.26
Dec-2023,2023,12,D05,C07,560080.64
Dec-2023,2023,12,D05,C08,343192.85
Dec-2023,2023,12,D05,C09,277550.89
Dec-2023,2023,12,D05,C10,181284.7
Dec-2023,2023,12,D06,C01,1014013.39
Dec-2023,2023,12,D06,C02,466389.15
Dec-2023,2023,12,D06,C03,993254.27
Dec-2023,2023,12,D06,C04,524201.61
Dec-2023,2023,12,D06,C05,380785.69
Dec-2023,2023,12,D06,C06,537265.26
Dec-2023,2023,12,D06,C07,406059.83
Dec-2023,2023,12,D06,C08,186659.72
Dec-2023,2023,12,D06,C09,75703.98
Dec-2023,2023,12,D06,C10,249134.55
Dec-2023,2023,12,D07,C01,613187.33
Dec-2023,2023,12,D07,C02,223061.58
Dec-2023,2023,12,D07,C03,916828.88
Dec-2023,2023,12,D07,C04,264311.86
Dec-2023,2023,12,D07,C05,227691.37
Dec-2023,2023,12,D07,C06,354122.21
Dec-2023,2023,12,D07,C07,442237.72
Dec-2023,2023,12,D07,C08,479461.14
Dec-2023,2023,12,D07,C09,87506.63
Dec-2023,2023,12,D07,C10,568666.39
Dec-2023,2023,12,D08,C01,877848.89
Dec-2023,2023,12,D08,C02,187979.67
Dec-2023,2023,12,D08,C03,348810.26
Dec-2023,2023,12,D08,C04,485867.87
Dec-2023,2023,12,D08,C05,433412.1
Dec-2023,2023,12,D08,C06,444110.46
Dec-2023,2023,12,D08,C07,877176.54
Dec-2023,2023,12,D08,C08,127763.57
Dec-2023,2023,12,D08,C09,201782.46
Dec-2023,2023,12,D08,C10,147964.76
Jan-2024,2024,1,D01,C01,556207.52
Jan-2024,2024,1,D01,C02,508058.01
Jan-2024,2024,1,D01,C03,783548.15
Jan-2024,2024,1,D01,C04,351322.76
Jan-2024,2024,1,D01,C05,154259.5
Jan-2024,2024,1,D01,C06,154248.76
Jan-2024,2024,1,D01,C07,354941.18
Jan-2024,2024,1,D01,C08,470421.62
Jan-2024,2024,1,D01,C09,276013.67
Jan-2024,2024,1,D01,C10,400033.91
Jan-2024,2024,1,D02,C01,331091.74
Jan-2024,2024,1,D02,C02,516603.87
Jan-2024,2024,1,D02,C03,847433.52
Jan-2024,2024,1,D02,C04,179333.37
Jan-2024,2024,1,D02,C05,165748.48
Jan-2024,2024,1,D02,C06,166451.69
Jan-2024,2024,1,D02,C07,511498.07
Jan-2024,2024,1,D02,C08,318421.56
Jan-2024,2024,1,D02,C09,213251.6
Jan-2024,2024,1,D02,C10,214455.21
Jan-2024,2024,1,D03,C01,707138.44
Jan-2024,2024,1,D03,C02,146902.67
Jan-2024,2024,1,D03,C03,503804.0
Jan-2024,2024,1,D03,C04,247904.29
Jan-2024,2024,1,D03,C05,287842.36
Jan-2024,2024,1,D03,C06,434360.34
Jan-2024,2024,1,D03,C07,444992.53
Jan-2024,2024,1,D03,C08,313737.17
Jan-2024,2024,1,D03,C09,272785.81
Jan-2024,2024,1,D03,C10,105479.72
Jan-2024,2024,1,D04,C01,704398.53
Jan-2024,2024,1,D04,C02,160717.34
Jan-2024,2024,1,D04,C03,359372.81
Jan-2024,2024,1,D04,C04,507243.84
Jan-2024,2024,1,D04,C05,514699.38
Jan-2024,2024,1,D04,C06,444698.5
Jan-2024,2024,1,D04,C07,511734.36
Jan-2024,2024,1,D04,C08,128283.63
Jan-2024,2024,1,D04,C09,306850.45
Jan-2024,2024,1,D04,C10,280755.89
Jan-2024,2024,1,D05,C01,395616.32
Jan-2024,2024,1,D05,C02,305252.76
Jan-2024,2024,1,D05,C03,339871.1
Jan-2024,2024,1,D05,C04,489629.44
Jan-2024,2024,1,D05,C05,200008.85
Jan-2024,2024,1,D05,C06,379754.92
Jan-2024,2024,1,D05,C07,516248.24
Jan-2024,2024,1,D05,C08,316334.28
Jan-2024,2024,1,D05,C09,255829.51
Jan-2024,2024,1,D05,C10,167097.2
Jan-2024,2024,1,D06,C01,934655.82
Jan-2024,2024,1,D06,C02,429889.13
Jan-2024,2024,1,D06,C03,915521.33
Jan-2024,2024,1,D06,C04,483177.14
Jan-2024,2024,1,D06,C05,350985.07
Jan-2024,2024,1,D06,C06,495218.41
Jan-2024,2024,1,D06,C07,374281.23
Jan-2024,2024,1,D06,C08,172051.57
Jan-2024,2024,1,D06,C09,69779.32
Jan-2024,2024,1,D06,C10,229637.06
Jan-2024,2024,1,D07,C01,565198.76
Jan-2024,2024,1,D07,C02,205604.59
Jan-2024,2024,1,D07,C03,845077.06
Jan-2024,2024,1,D07,C04,243626.58
Jan-2024,2024,1,D07,C05,209872.04
Jan-2024,2024,1,D07,C06,326408.3
Jan-2024,2024,1,D07,C07,407627.81
Jan-2024,2024,1,D07,C08,441938.1
Jan-2024,2024,1,D07,C09,80658.29
Jan-2024,2024,1,D07,C10,524162.06
Jan-2024,2024,1,D08,C01,809147.67
Jan-2024,2024,1,D08,C02,173268.22
Jan-2024,2024,1,D08,C03,321512.07
Jan-2024,2024,1,D08,C04,447843.43
Jan-2024,2024,1,D08,C05,399492.89
Jan-2024,2024,1,D08,C06,409353.99
Jan-2024,2024,1,D08,C07,808527.94
Jan-2024,2024,1,D08,C08,117764.68
Jan-2024,2024,1,D08,C09,185990.79
Jan-2024,2024,1,D08,C10,136384.91
Feb-2024,2024,2,D01,C01,556207.52
Feb-2024,2024,2,D01,C02,508058.01
Feb-2024,2024,2,D01,C03,783548.15
Feb-2024,2024,2,D01,C04,351322.76
Feb-2024,2024,2,D01,C05,154259.5
Feb-2024,2024,2,D01,C06,154248.76
Feb-2024,2024,2,D01,C07,354941.18
Feb-2024,2024,2,D01,C08,470421.62
Feb-2024,2024,2,D01,C09,276013.67
Feb-2024,2024,2,D01,C10,400033.91
Feb-2024,2024,2,D02,C01,331091.74
Feb-2024,2024,2,D02,C02,516603.87
Feb-2024,2024,2,D02,C03,847433.52
Feb-2024,2024,2,D02,C04,179333.37
Feb-2024,2024,2,D02,C05,165748.48
Feb-2024,2024,2,D02,C06,166451.69
Feb-2024,2024,2,D02,C07,511498.07
Feb-2024,2024,2,D02,C08,318421.56
Feb-2024,2024,2,D02,C09,213251.6
Feb-2024,2024,2,D02,C10,214455.21
Feb-2024,2024,2,D03,C01,707138.44
Feb-2024,2024,2,D03,C02,146902.67
Feb-2024,2024,2,D03,C03,503804.0
Feb-2024,2024,2,D03,C04,247904.29
Feb-2024,2024,2,D03,C05,287842.36
Feb-2024,2024,2,D03,C06,434360.34
Feb-2024,2024,2,D03,C07,444992.53
Feb-2024,2024,2,D03,C08,313737.17
Feb-2024,2024,2,D03,C09,272785.81
Feb-2024,2024,2,D03,C10,105479.72
Feb-2024,2024,2,D04,C01,704398.53
Feb-2024,2024,2,D04,C02,160717.34
Feb-2024,2024,2,D04,C03,359372.81
Feb-2024,2024,2,D04,C04,507243.84
Feb-2024,2024,2,D04,C05,514699.38
Feb-2024,2024,2,D04,C06,444698.5
Feb-2024,2024,2,D04,C07,511734.36
Feb-2024,2024,2,D04,C08,128283.63
Feb-2024,2024,2,D04,C09,306850.45
Feb-2024,2024,2,D04,C10,280755.89
Feb-2024,2024,2,D05,C01,395616.32
Feb-2024,2024,2,D05,C02,305252.76
Feb-2024,2024,2,D05,C03,339871.1
Feb-2024,2024,2,D05,C04,489629.44
Feb-2024,2024,2,D05,C05,200008.85
Feb-2024,2024,2,D05,C06,379754.92
Feb-2024,2024,2,D05,C07,516248.24
Feb-2024,2024,2,D05,C08,316334.28
Feb-2024,2024,2,D05,C09,255829.51
Feb-2024,2024,2,D05,C10,167097.2
Feb-2024,2024,2,D06,C01,934655.82
Feb-2024,2024,2,D06,C02,429889.13
Feb-2024,2024,2,D06,C03,915521.33
Feb-2024,2024,2,D06,C04,483177.14
Feb-2024,2024,2,D06,C05,350985.07
Feb-2024,2024,2,D06,C06,495218.41
Feb-2024,2024,2,D06,C07,374281.23
Feb-2024,2024,2,D06,C08,172051.57
Feb-2024,2024,2,D06,C09,69779.32
Feb-2024,2024,2,D06,C10,229637.06
Feb-2024,2024,2,D07,C01,565198.76
Feb-2024,2024,2,D07,C02,205604.59
Feb-2024,2024,2,D07,C03,845077.06
Feb-2024,2024,2,D07,C04,243626.58
Feb-2024,2024,2,D07,C05,209872.04
Feb-2024,2024,2,D07,C06,326408.3
Feb-2024,2024,2,D07,C07,407627.81
Feb-2024,2024,2,D07,C08,441938.1
Feb-2024,2024,2,D07,C09,80658.29
Feb-2024,2024,2,D07,C10,524162.06
Feb-2024,2024,2,D08,C01,809147.67
Feb-2024,2024,2,D08,C02,173268.22
Feb-2024,2024,2,D08,C03,321512.07
Feb-2024,2024,2,D08,C04,447843.43
Feb-2024,2024,2,D08,C05,399492.89
Feb-2024,2024,2,D08,C06,409353.99
Feb-2024,2024,2,D08,C07,808527.94
Feb-2024,2024,2,D08,C08,117764.68
Feb-2024,2024,2,D08,C09,185990.79
Feb-2024,2024,2,D08,C10,136384.91
Mar-2024,2024,3,D01,C01,639638.64
Mar-2024,2024,3,D01,C02,584266.71
Mar-2024,2024,3,D01,C03,901080.37
Mar-2024,2024,3,D01,C04,404021.17
Mar-2024,2024,3,D01,C05,177398.42
Mar-2024,2024,3,D01,C06,177386.07
Mar-2024,2024,3,D01,C07,408182.35
Mar-2024,2024,3,D01,C08,540984.86
Mar-2024,2024,3,D01,C09,317415.72
Mar-2024,2024,3,D01,C10,460039.0
Mar-2024,2024,3,D02,C01,380755.5
Mar-2024,2024,3,D02,C02,594094.45
Mar-2024,2024,3,D02,C03,974548.55
Mar-2024,2024,3,D02,C04,206233.38
Mar-2024,2024,3,D02,C05,190610.75
Mar-2024,2024,3,D02,C06,191419.44
Mar-2024,2024,3,D02,C07,588222.78
Mar-2024,2024,3,D02,C08,366184.8
Mar-2024,2024,3,D02,C09,245239.34
Mar-2024,2024,3,D02,C10,246623.5
Mar-2024,2024,3,D03,C01,813209.21
Mar-2024,2024,3,D03,C02,168938.07
Mar-2024,2024,3,D03,C03,579374.6
Mar-2024,2024,3,D03,C04,285089.94
Mar-2024,2024,3,D03,C05,331018.71
Mar-2024,2024,3,D03,C06,499514.39
Mar-2024,2024,3,D03,C07,511741.4
Mar-2024,2024,3,D03,C08,360797.75
Mar-2024,2024,3,D03,C09,313703.68
Mar-2024,2024,3,D03,C10,121301.68
Mar-2024,2024,3,D04,C01,810058.3
Mar-2024,2024,3,D04,C02,184824.94
Mar-2024,2024,3,D04,C03,413278.74
Mar-2024,2024,3,D04,C04,583330.42
Mar-2024,2024,3,D04,C05,591904.29
Mar-2024,2024,3,D04,C06,511403.27
Mar-2024,2024,3,D04,C07,588494.51
Mar-2024,2024,3,D04,C08,147526.17
Mar-2024,2024,3,D04,C09,352878.02
Mar-2024,2024,3,D04,C10,322869.27
Mar-2024,2024,3,D05,C01,454958.76
Mar-2024,2024,3,D05,C02,351040.67
Mar-2024,2024,3,D05,C03,390851.76
Mar-2024,2024,3,D05,C04,563073.86
Mar-2024,2024,3,D05,C05,230010.17
Mar-2024,2024,3,D05,C06,436718.16
Mar-2024,2024,3,D05,C07,593685.48
Mar-2024,2024,3,D05,C08,363784.43
Mar-2024,2024,3,D05,C09,294203.94
Mar-2024,2024,3,D05,C10,192161.78
Mar-2024,2024,3,D06,C01,1074854.2
Mar-2024,2024,3,D06,C02,494372.5
Mar-2024,2024,3,D06,C03,1052849.53
Mar-2024,2024,3,D06,C04,555653.71
Mar-2024,2024,3,D06,C05,403632.83
Mar-2024,2024,3,D06,C06,569501.17
Mar-2024,2024,3,D06,C07,430423.42
Mar-2024,2024,3,D06,C08,197859.31
Mar-2024,2024,3,D06,C09,80246.22
Mar-2024,2024,3,D06,C10,264082.62
Mar-2024,2024,3,D07,C01,649978.57
Mar-2024,2024,3,D07,C02,236445.28
Mar-2024,2024,3,D07,C03,971838.61
Mar-2024,2024,3,D07,C04,280170.57
Mar-2024,2024,3,D07,C05,241352.85
Mar-2024,2024,3,D07,C06,375369.54
Mar-2024,2024,3,D07,C07,468771.98
Mar-2024,2024,3,D07,C08,508228.81
Mar-2024,2024,3,D07,C09,92757.03
Mar-2024,2024,3,D07,C10,602786.37
Mar-2024,2024,3,D08,C01,930519.82
Mar-2024,2024,3,D08,C02,199258.45
Mar-2024,2024,3,D08,C03,369738.88
Mar-2024,2024,3,D08,C04,515019.94
Mar-2024,2024,3,D08,C05,459416.82
Mar-2024,2024,3,D08,C06,470757.09
Mar-2024,2024,3,D08,C07,929807.13
Mar-2024,2024,3,D08,C08,135429.38
Mar-2024,2024,3,D08,C09,213889.4
Mar-2024,2024,3,D08,C10,156842.64
Apr-2024,2024,4,D01,C01,556207.52
Apr-2024,2024,4,D01,C02,508058.01
Apr-2024,2024,4,D01,C03,783548.15
Apr-2024,2024,4,D01,C04,351322.76
Apr-2024,2024,4,D01,C05,154259.5
Apr-2024,2024,4,D01,C06,154248.76
Apr-2024,2024,4,D01,C07,354941.18
Apr-2024,2024,4,D01,C08,470421.62
Apr-2024,2024,4,D01,C09,276013.67
Apr-2024,2024,4,D01,C10,400033.91
Apr-2024,2024,4,D02,C01,331091.74
Apr-2024,2024,4,D02,C02,516603.87
Apr-2024,2024,4,D02,C03,847433.52
Apr-2024,2024,4,D02,C04,179333.37
Apr-2024,2024,4,D02,C05,165748.48
Apr-2024,2024,4,D02,C06,166451.69
Apr-2024,2024,4,D02,C07,511498.07
Apr-2024,2024,4,D02,C08,318421.56
Apr-2024,2024,4,D02,C09,213251.6
Apr-2024,2024,4,D02,C10,214455.21
Apr-2024,2024,4,D03,C01,707138.44
Apr-2024,2024,4,D03,C02,146902.67
Apr-2024,2024,4,D03,C03,503804.0
Apr-2024,2024,4,D03,C04,247904.29
Apr-2024,2024,4,D03,C05,287842.36
Apr-2024,2024,4,D03,C06,434360.34
Apr-2024,2024,4,D03,C07,444992.53
Apr-2024,2024,4,D03,C08,313737.17
Apr-2024,2024,4,D03,C09,272785.81
Apr-2024,2024,4,D03,C10,105479.72
Apr-2024,2024,4,D04,C01,704398.53
Apr-2024,2024,4,D04,C02,160717.34
Apr-2024,2024,4,D04,C03,359372.81
Apr-2024,2024,4,D04,C04,507243.84
Apr-2024,2024,4,D04,C05,514699.38
Apr-2024,2024,4,D04,C06,444698.5
Apr-2024,2024,4,D04,C07,511734.36
Apr-2024,2024,4,D04,C08,128283.63
Apr-2024,2024,4,D04,C09,306850.45
Apr-2024,2024,4,D04,C10,280755.89
Apr-2024,2024,4,D05,C01,395616.32
Apr-2024,2024,4,D05,C02,305252.76
Apr-2024,2024,4,D05,C03,339871.1
Apr-2024,2024,4,D05,C04,489629.44
Apr-2024,2024,4,D05,C05,200008.85
Apr-2024,2024,4,D05,C06,379754.92
Apr-2024,2024,4,D05,C07,516248.24
Apr-2024,2024,4,D05,C08,316334.28
Apr-2024,2024,4,D05,C09,255829.51
Apr-2024,2024,4,D05,C10,167097.2
Apr-2024,2024,4,D06,C01,934655.82
Apr-2024,2024,4,D06,C02,429889.13
Apr-2024,2024,4,D06,C03,915521.33
Apr-2024,2024,4,D06,C04,483177.14
Apr-2024,2024,4,D06,C05,350985.07
Apr-2024,2024,4,D06,C06,495218.41
Apr-2024,2024,4,D06,C07,374281.23
Apr-2024,2024,4,D06,C08,172051.57
Apr-2024,2024,4,D06,C09,69779.32
Apr-2024,2024,4,D06,C10,229637.06
Apr-2024,2024,4,D07,C01,565198.76
Apr-2024,2024,4,D07,C02,205604.59
Apr-2024,2024,4,D07,C03,845077.06
Apr-2024,2024,4,D07,C04,243626.58
Apr-2024,2024,4,D07,C05,209872.04
Apr-2024,2024,4,D07,C06,326408.3
Apr-2024,2024,4,D07,C07,407627.81
Apr-2024,2024,4,D07,C08,441938.1
Apr-2024,2024,4,D07,C09,80658.29
Apr-2024,2024,4,D07,C10,524162.06
Apr-2024,2024,4,D08,C01,809147.67
Apr-2024,2024,4,D08,C02,173268.22
Apr-2024,2024,4,D08,C03,321512.07
Apr-2024,2024,4,D08,C04,447843.43
Apr-2024,2024,4,D08,C05,399492.89
Apr-2024,2024,4,D08,C06,409353.99
Apr-2024,2024,4,D08,C07,808527.94
Apr-2024,2024,4,D08,C08,117764.68
Apr-2024,2024,4,D08,C09,185990.79
Apr-2024,2024,4,D08,C10,136384.91
May-2024,2024,5,D01,C01,556207.52
May-2024,2024,5,D01,C02,508058.01
May-2024,2024,5,D01,C03,783548.15
May-2024,2024,5,D01,C04,351322.76
May-2024,2024,5,D01,C05,154259.5
May-2024,2024,5,D01,C06,154248.76
May-2024,2024,5,D01,C07,354941.18
May-2024,2024,5,D01,C08,470421.62
May-2024,2024,5,D01,C09,276013.67
May-2024,2024,5,D01,C10,400033.91
May-2024,2024,5,D02,C01,331091.74
May-2024,2024,5,D02,C02,516603.87
May-2024,2024,5,D02,C03,847433.52
May-2024,2024,5,D02,C04,179333.37
May-2024,2024,5,D02,C05,165748.48
May-2024,2024,5,D02,C06,166451.69
May-2024,2024,5,D02,C07,511498.07
May-2024,2024,5,D02,C08,318421.56
May-2024,2024,5,D02,C09,213251.6
May-2024,2024,5,D02,C10,214455.21
May-2024,2024,5,D03,C01,707138.44
May-2024,2024,5,D03,C02,146902.67
May-2024,2024,5,D03,C03,503804.0
May-2024,2024,5,D03,C04,247904.29
May-2024,2024,5,D03,C05,287842.36
May-2024,2024,5,D03,C06,434360.34
May-2024,2024,5,D03,C07,444992.53
May-2024,2024,5,D03,C08,313737.17
May-2024,2024,5,D03,C09,272785.81
May-2024,2024,5,D03,C10,105479.72
May-2024,2024,5,D04,C01,704398.53
May-2024,2024,5,D04,C02,160717.34
May-2024,2024,5,D04,C03,359372.81
May-2024,2024,5,D04,C04,507243.84
May-2024,2024,5,D04,C05,514699.38
May-2024,2024,5,D04,C06,444698.5
May-2024,2024,5,D04,C07,511734.36
May-2024,2024,5,D04,C08,128283.63
May-2024,2024,5,D04,C09,306850.45
May-2024,2024,5,D04,C10,280755.89
May-2024,2024,5,D05,C01,395616.32
May-2024,2024,5,D05,C02,305252.76
May-2024,2024,5,D05,C03,339871.1
May-2024,2024,5,D05,C04,489629.44
May-2024,2024,5,D05,C05,200008.85
May-2024,2024,5,D05,C06,379754.92
May-2024,2024,5,D05,C07,516248.24
May-2024,2024,5,D05,C08,316334.28
May-2024,2024,5,D05,C09,255829.51
May-2024,2024,5,D05,C10,167097.2
May-2024,2024,5,D06,C01,934655.82
May-2024,2024,5,D06,C02,429889.13
May-2024,2024,5,D06,C03,915521.33
May-2024,2024,5,D06,C04,483177.14
May-2024,2024,5,D06,C05,350985.07
May-2024,2024,5,D06,C06,495218.41
May-2024,2024,5,D06,C07,374281.23
May-2024,2024,5,D06,C08,172051.57
May-2024,2024,5,D06,C09,69779.32
May-2024,2024,5,D06,C10,229637.06
May-2024,2024,5,D07,C01,565198.76
May-2024,2024,5,D07,C02,205604.59
May-2024,2024,5,D07,C03,845077.06
May-2024,2024,5,D07,C04,243626.58
May-2024,2024,5,D07,C05,209872.04
May-2024,2024,5,D07,C06,326408.3
May-2024,2024,5,D07,C07,407627.81
May-2024,2024,5,D07,C08,441938.1
May-2024,2024,5,D07,C09,80658.29
May-2024,2024,5,D07,C10,524162.06
May-2024,2024,5,D08,C01,809147.67
May-2024,2024,5,D08,C02,173268.22
May-2024,2024,5,D08,C03,321512.07
May-2024,2024,5,D08,C04,447843.43
May-2024,2024,5,D08,C05,399492.89
May-2024,2024,5,D08,C06,409353.99
May-2024,2024,5,D08,C07,808527.94
May-2024,2024,5,D08,C08,117764.68
May-2024,2024,5,D08,C09,185990.79
May-2024,2024,5,D08,C10,136384.91
Jun-2024,2024,6,D01,C01,511710.91
Jun-2024,2024,6,D01,C02,467413.37
Jun-2024,2024,6,D01,C03,720864.3
Jun-2024,2024,6,D01,C04,323216.94
Jun-2024,2024,6,D01,C05,141918.74
Jun-2024,2024,6,D01,C06,141908.86
Jun-2024,2024,6,D01,C07,326545.88
Jun-2024,2024,6,D01,C08,432787.89
Jun-2024,2024,6,D01,C09,253932.58
Jun-2024,2024,6,D01,C10,368031.2
Jun-2024,2024,6,D02,C01,304604.4
Jun-2024,2024,6,D02,C02,475275.56
Jun-2024,2024,6,D02,C03,779638.84
Jun-2024,2024,6,D02,C04,164986.7
Jun-2024,2024,6,D02,C05,152488.6
Jun-2024,2024,6,D02,C06,153135.55
Jun-2024,2024,6,D02,C07,470578.22
Jun-2024,2024,6,D02,C08,292947.84
Jun-2024,2024,6,D02,C09,196191.47
Jun-2024,2024,6,D02,C10,197298.8
Jun-2024,2024,6,D03,C01,650567.37
Jun-2024,2024,6,D03,C02,135150.45
Jun-2024,2024,6,D03,C03,463499.68
Jun-2024,2024,6,D03,C04,228071.95
Jun-2024,2024,6,D03,C05,264814.97
Jun-2024,2024,6,D03,C06,399611.51
Jun-2024,2024,6,D03,C07,409393.12
Jun-2024,2024,6,D03,C08,288638.2
Jun-2024,2024,6,D03,C09,250962.94
Jun-2024,2024,6,D03,C10,97041.35
Jun-2024,2024,6,D04,C01,648046.64
Jun-2024,2024,6,D04,C02,147859.95
Jun-2024,2024,6,D04,C03,330622.99
Jun-2024,2024,6,D04,C04,466664.33
Jun-2024,2024,6,D04,C05,473523.43
Jun-2024,2024,6,D04,C06,409122.62
Jun-2024,2024,6,D04,C07,470795.61
Jun-2024,2024,6,D04,C08,118020.94
Jun-2024,2024,6,D04,C09,282302.42
Jun-2024,2024,6,D04,C10,258295.42
Jun-2024,2024,6,D05,C01,363967.01
Jun-2024,2024,6,D05,C02,280832.54
Jun-2024,2024,6,D05,C03,312681.41
Jun-2024,2024,6,D05,C04,450459.09
Jun-2024,2024,6,D05,C05,184008.14
Jun-2024,2024,6,D05,C06,349374.53
Jun-2024,2024,6,D05,C07,474948.38
Jun-2024,2024,6,D05,C08,291027.54
Jun-2024,2024,6,D05,C09,235363.15
Jun-2024,2024,6,D05,C10,153729.43
Jun-2024,2024,6,D06,C01,859883.36
Jun-2024,2024,6,D06,C02,395498.0
Jun-2024,2024,6,D06,C03,842279.62
Jun-2024,2024,6,D06,C04,444522.97
Jun-2024,2024,6,D06,C05,322906.26
Jun-2024,2024,6,D06,C06,455600.94
Jun-2024,2024,6,D06,C07,344338.73
Jun-2024,2024,6,D06,C08,158287.44
Jun-2024,2024,6,D06,C09,64196.98
Jun-2024,2024,6,D06,C10,211266.1
Jun-2024,2024,6,D07,C01,519982.86
Jun-2024,2024,6,D07,C02,189156.22
Jun-2024,2024,6,D07,C03,777470.89
Jun-2024,2024,6,D07,C04,224136.45
Jun-2024,2024,6,D07,C05,193082.28
Jun-2024,2024,6,D07,C06,300295.63
Jun-2024,2024,6,D07,C07,375017.58
Jun-2024,2024,6,D07,C08,406583.05
Jun-2024,2024,6,D07,C09,74205.63
Jun-2024,2024,6,D07,C10,482229.1
Jun-2024,2024,6,D08,C01,744415.86
Jun-2024,2024,6,D08,C02,159406.76
Jun-2024,2024,6,D08,C03,295791.1
Jun-2024,2024,6,D08,C04,412015.95
Jun-2024,2024,6,D08,C05,367533.46
Jun-2024,2024,6,D08,C06,376605.67
Jun-2024,2024,6,D08,C07,743845.71
Jun-2024,2024,6,D08,C08,108343.5
Jun-2024,2024,6,D08,C09,171111.52
Jun-2024,2024,6,D08,C10,125474.11
Jul-2024,2024,7,D01,C01,511710.91
Jul-2024,2024,7,D01,C02,467413.37
Jul-2024,2024,7,D01,C03,720864.3
Jul-2024,2024,7,D01,C04,323216.94
Jul-2024,2024,7,D01,C05,141918.74
Jul-2024,2024,7,D01,C06,141908.86
Jul-2024,2024,7,D01,C07,326545.88
Jul-2024,2024,7,D01,C08,432787.89
Jul-2024,2024,7,D01,C09,253932.58
Jul-2024,2024,7,D01,C10,368031.2
Jul-2024,2024,7,D02,C01,304604.4
Jul-2024,2024,7,D02,C02,475275.56
Jul-2024,2024,7,D02,C03,779638.84
Jul-2024,2024,7,D02,C04,164986.7
Jul-2024,2024,7,D02,C05,152488.6
Jul-2024,2024,7,D02,C06,153135.55
Jul-2024,2024,7,D02,C07,470578.22
Jul-2024,2024,7,D02,C08,292947.84
Jul-2024,2024,7,D02,C09,196191.47
Jul-2024,2024,7,D02,C10,197298.8
Jul-2024,2024,7,D03,C01,650567.37
Jul-2024,2024,7,D03,C02,135150.45
Jul-2024,2024,7,D03,C03,463499.68
Jul-2024,2024,7,D03,C04,228071.95
Jul-2024,2024,7,D03,C05,264814.97
Jul-2024,2024,7,D03,C06,399611.51
Jul-2024,2024,7,D03,C07,409393.12
Jul-2024,2024,7,D03,C08,288638.2
Jul-2024,2024,7,D03,C09,250962.94
Jul-2024,2024,7,D03,C10,97041.35
Jul-2024,2024,7,D04,C01,648046.64
Jul-2024,2024,7,D04,C02,147859.95
Jul-2024,2024,7,D04,C03,330622.99
Jul-2024,2024,7,D04,C04,466664.33
Jul-2024,2024,7,D04,C05,473523.43
Jul-2024,2024,7,D04,C06,409122.62
Jul-2024,2024,7,D04,C07,470795.61
Jul-2024,2024,7,D04,C08,118020.94
Jul-2024,2024,7,D04,C09,282302.42
Jul-2024,2024,7,D04,C10,258295.42
Jul-2024,2024,7,D05,C01,363967.01
Jul-2024,2024,7,D05,C02,280832.54
Jul-2024,2024,7,D05,C03,312681.41
Jul-2024,2024,7,D05,C04,450459.09
Jul-2024,2024,7,D05,C05,184008.14
Jul-2024,2024,7,D05,C06,349374.53
Jul-2024,2024,7,D05,C07,474948.38
Jul-2024,2024,7,D05,C08,291027.54
Jul-2024,2024,7,D05,C09,235363.15
Jul-2024,2024,7,D05,C10,153729.43
Jul-2024,2024,7,D06,C01,859883.36
Jul-2024,2024,7,D06,C02,395498.0
Jul-2024,2024,7,D06,C03,842279.62
Jul-2024,2024,7,D06,C04,444522.97
Jul-2024,2024,7,D06,C05,322906.26
Jul-2024,2024,7,D06,C06,455600.94
Jul-2024,2024,7,D06,C07,344338.73
Jul-2024,2024,7,D06,C08,158287.44
Jul-2024,2024,7,D06,C09,64196.98
Jul-2024,2024,7,D06,C10,211266.1
Jul-2024,2024,7,D07,C01,519982.86
Jul-2024,2024,7,D07,C02,189156.22
Jul-2024,2024,7,D07,C03,777470.89
Jul-2024,2024,7,D07,C04,224136.45
Jul-2024,2024,7,D07,C05,193082.28
Jul-2024,2024,7,D07,C06,300295.63
Jul-2024,2024,7,D07,C07,375017.58
Jul-2024,2024,7,D07,C08,406583.05
Jul-2024,2024,7,D07,C09,74205.63
Jul-2024,2024,7,D07,C10,482229.1
Jul-2024,2024,7,D08,C01,744415.86
Jul-2024,2024,7,D08,C02,159406.76
Jul-2024,2024,7,D08,C03,295791.1
Jul-2024,2024,7,D08,C04,412015.95
Jul-2024,2024,7,D08,C05,367533.46
Jul-2024,2024,7,D08,C06,376605.67
Jul-2024,2024,7,D08,C07,743845.71
Jul-2024,2024,7,D08,C08,108343.5
Jul-2024,2024,7,D08,C09,171111.52
Jul-2024,2024,7,D08,C10,125474.11
Aug-2024,2024,8,D01,C01,556207.52
Aug-2024,2024,8,D01,C02,508058.01
Aug-2024,2024,8,D01,C03,783548.15
Aug-2024,2024,8,D01,C04,351322.76
Aug-2024,2024,8,D01,C05,154259.5
Aug-2024,2024,8,D01,C06,154248.76
Aug-2024,2024,8,D01,C07,354941.18
Aug-2024,2024,8,D01,C08,470421.62
Aug-2024,2024,8,D01,C09,276013.67
Aug-2024,2024,8,D01,C10,400033.91
Aug-2024,2024,8,D02,C01,331091.74
Aug-2024,2024,8,D02,C02,516603.87
Aug-2024,2024,8,D02,C03,847433.52
Aug-2024,2024,8,D02,C04,179333.37
Aug-2024,2024,8,D02,C05,165748.48
Aug-2024,2024,8,D02,C06,166451.69
Aug-2024,2024,8,D02,C07,511498.07
Aug-2024,2024,8,D02,C08,318421.56
Aug-2024,2024,8,D02,C09,213251.6
Aug-2024,2024,8,D02,C10,214455.21
Aug-2024,2024,8,D03,C01,707138.44
Aug-2024,2024,8,D03,C02,146902.67
Aug-2024,2024,8,D03,C03,503804.0
Aug-2024,2024,8,D03,C04,247904.29
Aug-2024,2024,8,D03,C05,287842.36
Aug-2024,2024,8,D03,C06,434360.34
Aug-2024,2024,8,D03,C07,444992.53
Aug-2024,2024,8,D03,C08,313737.17
Aug-2024,2024,8,D03,C09,272785.81
Aug-2024,2024,8,D03,C10,105479.72
Aug-2024,2024,8,D04,C01,704398.53
Aug-2024,2024,8,D04,C02,160717.34
Aug-2024,2024,8,D04,C03,359372.81
Aug-2024,2024,8,D04,C04,507243.84
Aug-2024,2024,8,D04,C05,514699.38
Aug-2024,2024,8,D04,C06,444698.5
Aug-2024,2024,8,D04,C07,511734.36
Aug-2024,2024,8,D04,C08,128283.63
Aug-2024,2024,8,D04,C09,306850.45
Aug-2024,2024,8,D04,C10,280755.89
Aug-2024,2024,8,D05,C01,395616.32
Aug-2024,2024,8,D05,C02,305252.76
Aug-2024,2024,8,D05,C03,339871.1
Aug-2024,2024,8,D05,C04,489629.44
Aug-2024,2024,8,D05,C05,200008.85
Aug-2024,2024,8,D05,C06,379754.92
Aug-2024,2024,8,D05,C07,516248.24
Aug-2024,2024,8,D05,C08,316334.28
Aug-2024,2024,8,D05,C09,255829.51
Aug-2024,2024,8,D05,C10,167097.2
Aug-2024,2024,8,D06,C01,934655.82
Aug-2024,2024,8,D06,C02,429889.13
Aug-2024,2024,8,D06,C03,915521.33
Aug-2024,2024,8,D06,C04,483177.14
Aug-2024,2024,8,D06,C05,350985.07
Aug-2024,2024,8,D06,C06,495218.41
Aug-2024,2024,8,D06,C07,374281.23
Aug-2024,2024,8,D06,C08,172051.57
Aug-2024,2024,8,D06,C09,69779.32
Aug-2024,2024,8,D06,C10,229637.06
Aug-2024,2024,8,D07,C01,565198.76
Aug-2024,2024,8,D07,C02,205604.59
Aug-2024,2024,8,D07,C03,845077.06
Aug-2024,2024,8,D07,C04,243626.58
Aug-2024,2024,8,D07,C05,209872.04
Aug-2024,2024,8,D07,C06,326408.3
Aug-2024,2024,8,D07,C07,407627.81
Aug-2024,2024,8,D07,C08,441938.1
Aug-2024,2024,8,D07,C09,80658.29
Aug-2024,2024,8,D07,C10,524162.06
Aug-2024,2024,8,D08,C01,809147.67
Aug-2024,2024,8,D08,C02,173268.22
Aug-2024,2024,8,D08,C03,321512.07
Aug-2024,2024,8,D08,C04,447843.43
Aug-2024,2024,8,D08,C05,399492.89
Aug-2024,2024,8,D08,C06,409353.99
Aug-2024,2024,8,D08,C07,808527.94
Aug-2024,2024,8,D08,C08,117764.68
Aug-2024,2024,8,D08,C09,185990.79
Aug-2024,2024,8,D08,C10,136384.91
Sep-2024,2024,9,D01,C01,556207.52
Sep-2024,2024,9,D01,C02,508058.01
Sep-2024,2024,9,D01,C03,783548.15
Sep-2024,2024,9,D01,C04,351322.76
Sep-2024,2024,9,D01,C05,154259.5
Sep-2024,2024,9,D01,C06,154248.76
Sep-2024,2024,9,D01,C07,354941.18
Sep-2024,2024,9,D01,C08,470421.62
Sep-2024,2024,9,D01,C09,276013.67
Sep-2024,2024,9,D01,C10,400033.91
Sep-2024,2024,9,D02,C01,331091.74
Sep-2024,2024,9,D02,C02,516603.87
Sep-2024,2024,9,D02,C03,847433.52
Sep-2024,2024,9,D02,C04,179333.37
Sep-2024,2024,9,D02,C05,165748.48
Sep-2024,2024,9,D02,C06,166451.69
Sep-2024,2024,9,D02,C07,511498.07
Sep-2024,2024,9,D02,C08,318421.56
Sep-2024,2024,9,D02,C09,213251.6
Sep-2024,2024,9,D02,C10,214455.21
Sep-2024,2024,9,D03,C01,707138.44
Sep-2024,2024,9,D03,C02,146902.67
Sep-2024,2024,9,D03,C03,503804.0
Sep-2024,2024,9,D03,C04,247904.29
Sep-2024,2024,9,D03,C05,287842.36
Sep-2024,2024,9,D03,C06,434360.34
Sep-2024,2024,9,D03,C07,444992.53
Sep-2024,2024,9,D03,C08,313737.17
Sep-2024,2024,9,D03,C09,272785.81
Sep-2024,2024,9,D03,C10,105479.72
Sep-2024,2024,9,D04,C01,704398.53
Sep-2024,2024,9,D04,C02,160717.34
Sep-2024,2024,9,D04,C03,359372.81
Sep-2024,2024,9,D04,C04,507243.84
Sep-2024,2024,9,D04,C05,514699.38
Sep-2024,2024,9,D04,C06,444698.5
Sep-2024,2024,9,D04,C07,511734.36
Sep-2024,2024,9,D04,C08,128283.63
Sep-2024,2024,9,D04,C09,306850.45
Sep-2024,2024,9,D04,C10,280755.89
Sep-2024,2024,9,D05,C01,395616.32
Sep-2024,2024,9,D05,C02,305252.76
Sep-2024,2024,9,D05,C03,339871.1
Sep-2024,2024,9,D05,C04,489629.44
Sep-2024,2024,9,D05,C05,200008.85
Sep-2024,2024,9,D05,C06,379754.92
Sep-2024,2024,9,D05,C07,516248.24
Sep-2024,2024,9,D05,C08,316334.28
Sep-2024,2024,9,D05,C09,255829.51
Sep-2024,2024,9,D05,C10,167097.2
Sep-2024,2024,9,D06,C01,934655.82
Sep-2024,2024,9,D06,C02,429889.13
Sep-2024,2024,9,D06,C03,915521.33
Sep-2024,2024,9,D06,C04,483177.14
Sep-2024,2024,9,D06,C05,350985.07
Sep-2024,2024,9,D06,C06,495218.41
Sep-2024,2024,9,D06,C07,374281.23
Sep-2024,2024,9,D06,C08,172051.57
Sep-2024,2024,9,D06,C09,69779.32
Sep-2024,2024,9,D06,C10,229637.06
Sep-2024,2024,9,D07,C01,565198.76
Sep-2024,2024,9,D07,C02,205604.59
Sep-2024,2024,9,D07,C03,845077.06
Sep-2024,2024,9,D07,C04,243626.58
Sep-2024,2024,9,D07,C05,209872.04
Sep-2024,2024,9,D07,C06,326408.3
Sep-2024,2024,9,D07,C07,407627.81
Sep-2024,2024,9,D07,C08,441938.1
Sep-2024,2024,9,D07,C09,80658.29
Sep-2024,2024,9,D07,C10,524162.06
Sep-2024,2024,9,D08,C01,809147.67
Sep-2024,2024,9,D08,C02,173268.22
Sep-2024,2024,9,D08,C03,321512.07
Sep-2024,2024,9,D08,C04,447843.43
Sep-2024,2024,9,D08,C05,399492.89
Sep-2024,2024,9,D08,C06,409353.99
Sep-2024,2024,9,D08,C07,808527.94
Sep-2024,2024,9,D08,C08,117764.68
Sep-2024,2024,9,D08,C09,185990.79
Sep-2024,2024,9,D08,C10,136384.91
Oct-2024,2024,10,D01,C01,556207.52
Oct-2024,2024,10,D01,C02,508058.01
Oct-2024,2024,10,D01,C03,783548.15
Oct-2024,2024,10,D01,C04,351322.76
Oct-2024,2024,10,D01,C05,154259.5
Oct-2024,2024,10,D01,C06,154248.76
Oct-2024,2024,10,D01,C07,354941.18
Oct-2024,2024,10,D01,C08,470421.62
Oct-2024,2024,10,D01,C09,276013.67
Oct-2024,2024,10,D01,C10,400033.91
Oct-2024,2024,10,D02,C01,331091.74
Oct-2024,2024,10,D02,C02,516603.87
Oct-2024,2024,10,D02,C03,847433.52
Oct-2024,2024,10,D02,C04,179333.37
Oct-2024,2024,10,D02,C05,165748.48
Oct-2024,2024,10,D02,C06,166451.69
Oct-2024,2024,10,D02,C07,511498.07
Oct-2024,2024,10,D02,C08,318421.56
Oct-2024,2024,10,D02,C09,213251.6
Oct-2024,2024,10,D02,C10,214455.21
Oct-2024,2024,10,D03,C01,707138.44
Oct-2024,2024,10,D03,C02,146902.67
Oct-2024,2024,10,D03,C03,503804.0
Oct-2024,2024,10,D03,C04,247904.29
Oct-2024,2024,10,D03,C05,287842.36
Oct-2024,2024,10,D03,C06,434360.34
Oct-2024,2024,10,D03,C07,444992.53
Oct-2024,2024,10,D03,C08,313737.17
Oct-2024,2024,10,D03,C09,272785.81
Oct-2024,2024,10,D03,C10,105479.72
Oct-2024,2024,10,D04,C01,704398.53
Oct-2024,2024,10,D04,C02,160717.34
Oct-2024,2024,10,D04,C03,359372.81
Oct-2024,2024,10,D04,C04,507243.84
Oct-2024,2024,10,D04,C05,514699.38
Oct-2024,2024,10,D04,C06,444698.5
Oct-2024,2024,10,D04,C07,511734.36
Oct-2024,2024,10,D04,C08,128283.63
Oct-2024,2024,10,D04,C09,306850.45
Oct-2024,2024,10,D04,C10,280755.89
Oct-2024,2024,10,D05,C01,395616.32
Oct-2024,2024,10,D05,C02,305252.76
Oct-2024,2024,10,D05,C03,339871.1
Oct-2024,2024,10,D05,C04,489629.44
Oct-2024,2024,10,D05,C05,200008.85
Oct-2024,2024,10,D05,C06,379754.92
Oct-2024,2024,10,D05,C07,516248.24
Oct-2024,2024,10,D05,C08,316334.28
Oct-2024,2024,10,D05,C09,255829.51
Oct-2024,2024,10,D05,C10,167097.2
Oct-2024,2024,10,D06,C01,934655.82
Oct-2024,2024,10,D06,C02,429889.13
Oct-2024,2024,10,D06,C03,915521.33
Oct-2024,2024,10,D06,C04,483177.14
Oct-2024,2024,10,D06,C05,350985.07
Oct-2024,2024,10,D06,C06,495218.41
Oct-2024,2024,10,D06,C07,374281.23
Oct-2024,2024,10,D06,C08,172051.57
Oct-2024,2024,10,D06,C09,69779.32
Oct-2024,2024,10,D06,C10,229637.06
Oct-2024,2024,10,D07,C01,565198.76
Oct-2024,2024,10,D07,C02,205604.59
Oct-2024,2024,10,D07,C03,845077.06
Oct-2024,2024,10,D07,C04,243626.58
Oct-2024,2024,10,D07,C05,209872.04
Oct-2024,2024,10,D07,C06,326408.3
Oct-2024,2024,10,D07,C07,407627.81
Oct-2024,2024,10,D07,C08,441938.1
Oct-2024,2024,10,D07,C09,80658.29
Oct-2024,2024,10,D07,C10,524162.06
Oct-2024,2024,10,D08,C01,809147.67
Oct-2024,2024,10,D08,C02,173268.22
Oct-2024,2024,10,D08,C03,321512.07
Oct-2024,2024,10,D08,C04,447843.43
Oct-2024,2024,10,D08,C05,399492.89
Oct-2024,2024,10,D08,C06,409353.99
Oct-2024,2024,10,D08,C07,808527.94
Oct-2024,2024,10,D08,C08,117764.68
Oct-2024,2024,10,D08,C09,185990.79
Oct-2024,2024,10,D08,C10,136384.91
Nov-2024,2024,11,D01,C01,556207.52
Nov-2024,2024,11,D01,C02,508058.01
Nov-2024,2024,11,D01,C03,783548.15
Nov-2024,2024,11,D01,C04,351322.76
Nov-2024,2024,11,D01,C05,154259.5
Nov-2024,2024,11,D01,C06,154248.76
Nov-2024,2024,11,D01,C07,354941.18
Nov-2024,2024,11,D01,C08,470421.62
Nov-2024,2024,11,D01,C09,276013.67
Nov-2024,2024,11,D01,C10,400033.91
Nov-2024,2024,11,D02,C01,331091.74
Nov-2024,2024,11,D02,C02,516603.87
Nov-2024,2024,11,D02,C03,847433.52
Nov-2024,2024,11,D02,C04,179333.37
Nov-2024,2024,11,D02,C05,165748.48
Nov-2024,2024,11,D02,C06,166451.69
Nov-2024,2024,11,D02,C07,511498.07
Nov-2024,2024,11,D02,C08,318421.56
Nov-2024,2024,11,D02,C09,213251.6
Nov-2024,2024,11,D02,C10,214455.21
Nov-2024,2024,11,D03,C01,707138.44
Nov-2024,2024,11,D03,C02,146902.67
Nov-2024,2024,11,D03,C03,503804.0
Nov-2024,2024,11,D03,C04,247904.29
Nov-2024,2024,11,D03,C05,287842.36
Nov-2024,2024,11,D03,C06,434360.34
Nov-2024,2024,11,D03,C07,444992.53
Nov-2024,2024,11,D03,C08,313737.17
Nov-2024,2024,11,D03,C09,272785.81
Nov-2024,2024,11,D03,C10,105479.72
Nov-2024,2024,11,D04,C01,704398.53
Nov-2024,2024,11,D04,C02,160717.34
Nov-2024,2024,11,D04,C03,359372.81
Nov-2024,2024,11,D04,C04,507243.84
Nov-2024,2024,11,D04,C05,514699.38
Nov-2024,2024,11,D04,C06,444698.5
Nov-2024,2024,11,D04,C07,511734.36
Nov-2024,2024,11,D04,C08,128283.63
Nov-2024,2024,11,D04,C09,306850.45
Nov-2024,2024,11,D04,C10,280755.89
Nov-2024,2024,11,D05,C01,395616.32
Nov-2024,2024,11,D05,C02,305252.76
Nov-2024,2024,11,D05,C03,339871.1
Nov-2024,2024,11,D05,C04,489629.44
Nov-2024,2024,11,D05,C05,200008.85
Nov-2024,2024,11,D05,C06,379754.92
Nov-2024,2024,11,D05,C07,516248.24
Nov-2024,2024,11,D05,C08,316334.28
Nov-2024,2024,11,D05,C09,255829.51
Nov-2024,2024,11,D05,C10,167097.2
Nov-2024,2024,11,D06,C01,934655.82
Nov-2024,2024,11,D06,C02,429889.13
Nov-2024,2024,11,D06,C03,915521.33
Nov-2024,2024,11,D06,C04,483177.14
Nov-2024,2024,11,D06,C05,350985.07
Nov-2024,2024,11,D06,C06,495218.41
Nov-2024,2024,11,D06,C07,374281.23
Nov-2024,2024,11,D06,C08,172051.57
Nov-2024,2024,11,D06,C09,69779.32
Nov-2024,2024,11,D06,C10,229637.06
Nov-2024,2024,11,D07,C01,565198.76
Nov-2024,2024,11,D07,C02,205604.59
Nov-2024,2024,11,D07,C03,845077.06
Nov-2024,2024,11,D07,C04,243626.58
Nov-2024,2024,11,D07,C05,209872.04
Nov-2024,2024,11,D07,C06,326408.3
Nov-2024,2024,11,D07,C07,407627.81
Nov-2024,2024,11,D07,C08,441938.1
Nov-2024,2024,11,D07,C09,80658.29
Nov-2024,2024,11,D07,C10,524162.06
Nov-2024,2024,11,D08,C01,809147.67
Nov-2024,2024,11,D08,C02,173268.22
Nov-2024,2024,11,D08,C03,321512.07
Nov-2024,2024,11,D08,C04,447843.43
Nov-2024,2024,11,D08,C05,399492.89
Nov-2024,2024,11,D08,C06,409353.99
Nov-2024,2024,11,D08,C07,808527.94
Nov-2024,2024,11,D08,C08,117764.68
Nov-2024,2024,11,D08,C09,185990.79
Nov-2024,2024,11,D08,C10,136384.91
Dec-2024,2024,12,D01,C01,639638.64
Dec-2024,2024,12,D01,C02,584266.71
Dec-2024,2024,12,D01,C03,901080.37
Dec-2024,2024,12,D01,C04,404021.17
Dec-2024,2024,12,D01,C05,177398.42
Dec-2024,2024,12,D01,C06,177386.07
Dec-2024,2024,12,D01,C07,408182.35
Dec-2024,2024,12,D01,C08,540984.86
Dec-2024,2024,12,D01,C09,317415.72
Dec-2024,2024,12,D01,C10,460039.0
Dec-2024,2024,12,D02,C01,380755.5
Dec-2024,2024,12,D02,C02,594094.45
Dec-2024,2024,12,D02,C03,974548.55
Dec-2024,2024,12,D02,C04,206233.38
Dec-2024,2024,12,D02,C05,190610.75
Dec-2024,2024,12,D02,C06,191419.44
Dec-2024,2024,12,D02,C07,588222.78
Dec-2024,2024,12,D02,C08,366184.8
Dec-2024,2024,12,D02,C09,245239.34
Dec-2024,2024,12,D02,C10,246623.5
Dec-2024,2024,12,D03,C01,813209.21
Dec-2024,2024,12,D03,C02,168938.07
Dec-2024,2024,12,D03,C03,579374.6
Dec-2024,2024,12,D03,C04,285089.94
Dec-2024,2024,12,D03,C05,331018.71
Dec-2024,2024,12,D03,C06,499514.39
Dec-2024,2024,12,D03,C07,511741.4
Dec-2024,2024,12,D03,C08,360797.75
Dec-2024,2024,12,D03,C09,313703.68
Dec-2024,2024,12,D03,C10,121301.68
Dec-2024,2024,12,D04,C01,810058.3
Dec-2024,2024,12,D04,C02,184824.94
Dec-2024,2024,12,D04,C03,413278.74
Dec-2024,2024,12,D04,C04,583330.42
Dec-2024,2024,12,D04,C05,591904.29
Dec-2024,2024,12,D04,C06,511403.27
Dec-2024,2024,12,D04,C07,588494.51
Dec-2024,2024,12,D04,C08,147526.17
Dec-2024,2024,12,D04,C09,352878.02
Dec-2024,2024,12,D04,C10,322869.27
Dec-2024,2024,12,D05,C01,454958.76
Dec-2024,2024,12,D05,C02,351040.67
Dec-2024,2024,12,D05,C03,390851.76
Dec-2024,2024,12,D05,C04,563073.86
Dec-2024,2024,12,D05,C05,230010.17
Dec-2024,2024,12,D05,C06,436718.16
Dec-2024,2024,12,D05,C07,593685.48
Dec-2024,2024,12,D05,C08,363784.43
Dec-2024,2024,12,D05,C09,294203.94
Dec-2024,2024,12,D05,C10,192161.78
Dec-2024,2024,12,D06,C01,1074854.2
Dec-2024,2024,12,D06,C02,494372.5
Dec-2024,2024,12,D06,C03,1052849.53
Dec-2024,2024,12,D06,C04,555653.71
Dec-2024,2024,12,D06,C05,403632.83
Dec-2024,2024,12,D06,C06,569501.17
Dec-2024,2024,12,D06,C07,430423.42
Dec-2024,2024,12,D06,C08,197859.31
Dec-2024,2024,12,D06,C09,80246.22
Dec-2024,2024,12,D06,C10,264082.62
Dec-2024,2024,12,D07,C01,649978.57
Dec-2024,2024,12,D07,C02,236445.28
Dec-2024,2024,12,D07,C03,971838.61
Dec-2024,2024,12,D07,C04,280170.57
Dec-2024,2024,12,D07,C05,241352.85
Dec-2024,2024,12,D07,C06,375369.54
Dec-2024,2024,12,D07,C07,468771.98
Dec-2024,2024,12,D07,C08,508228.81
Dec-2024,2024,12,D07,C09,92757.03
Dec-2024,2024,12,D07,C10,602786.37
Dec-2024,2024,12,D08,C01,930519.82
Dec-2024,2024,12,D08,C02,199258.45
Dec-2024,2024,12,D08,C03,369738.88
Dec-2024,2024,12,D08,C04,515019.94
Dec-2024,2024,12,D08,C05,459416.82
Dec-2024,2024,12,D08,C06,470757.09
Dec-2024,2024,12,D08,C07,929807.13
Dec-2024,2024,12,D08,C08,135429.38
Dec-2024,2024,12,D08,C09,213889.4
Dec-2024,2024,12,D08,C10,156842.64
Jan-2025,2025,1,D01,C01,587690.96
Jan-2025,2025,1,D01,C02,536816.01
Jan-2025,2025,1,D01,C03,827899.93
Jan-2025,2025,1,D01,C04,371208.95
Jan-2025,2025,1,D01,C05,162991.17
Jan-2025,2025,1,D01,C06,162979.82
Jan-2025,2025,1,D01,C07,375032.19
Jan-2025,2025,1,D01,C08,497049.26
Jan-2025,2025,1,D01,C09,291637.08
Jan-2025,2025,1,D01,C10,422677.34
Jan-2025,2025,1,D02,C01,349832.78
Jan-2025,2025,1,D02,C02,545845.59
Jan-2025,2025,1,D02,C03,895401.45
Jan-2025,2025,1,D02,C04,189484.32
Jan-2025,2025,1,D02,C05,175130.46
Jan-2025,2025,1,D02,C06,175873.48
Jan-2025,2025,1,D02,C07,540450.79
Jan-2025,2025,1,D02,C08,336445.43
Jan-2025,2025,1,D02,C09,225322.45
Jan-2025,2025,1,D02,C10,226594.19
Jan-2025,2025,1,D03,C01,747165.15
Jan-2025,2025,1,D03,C02,155217.91
Jan-2025,2025,1,D03,C03,532321.2
Jan-2025,2025,1,D03,C04,261936.61
Jan-2025,2025,1,D03,C05,304135.32
Jan-2025,2025,1,D03,C06,458946.77
Jan-2025,2025,1,D03,C07,470180.78
Jan-2025,2025,1,D03,C08,331495.88
Jan-2025,2025,1,D03,C09,288226.51
Jan-2025,2025,1,D03,C10,111450.27
Jan-2025,2025,1,D04,C01,744270.14
Jan-2025,2025,1,D04,C02,169814.55
Jan-2025,2025,1,D04,C03,379714.67
Jan-2025,2025,1,D04,C04,535955.76
Jan-2025,2025,1,D04,C05,543833.31
Jan-2025,2025,1,D04,C06,469870.11
Jan-2025,2025,1,D04,C07,540700.45
Jan-2025,2025,1,D04,C08,135544.96
Jan-2025,2025,1,D04,C09,324219.35
Jan-2025,2025,1,D04,C10,296647.73
Jan-2025,2025,1,D05,C01,418009.69
Jan-2025,2025,1,D05,C02,322531.22
Jan-2025,2025,1,D05,C03,359109.09
Jan-2025,2025,1,D05,C04,517344.32
Jan-2025,2025,1,D05,C05,211330.1
Jan-2025,2025,1,D05,C06,401250.48
Jan-2025,2025,1,D05,C07,545469.84
Jan-2025,2025,1,D05,C08,334240.0
Jan-2025,2025,1,D05,C09,270310.43
Jan-2025,2025,1,D05,C10,176555.54
Jan-2025,2025,1,D06,C01,987560.87
Jan-2025,2025,1,D06,C02,454222.48
Jan-2025,2025,1,D06,C03,967343.29
Jan-2025,2025,1,D06,C04,510526.79
Jan-2025,2025,1,D06,C05,370852.15
Jan-2025,2025,1,D06,C06,523249.64
Jan-2025,2025,1,D06,C07,395466.96
Jan-2025,2025,1,D06,C08,181790.34
Jan-2025,2025,1,D06,C09,73729.1
Jan-2025,2025,1,D06,C10,242635.39
Jan-2025,2025,1,D07,C01,597191.14
Jan-2025,2025,1,D07,C02,217242.58
Jan-2025,2025,1,D07,C03,892911.61
Jan-2025,2025,1,D07,C04,257416.76
Jan-2025,2025,1,D07,C05,221751.59
Jan-2025,2025,1,D07,C06,344884.24
Jan-2025,2025,1,D07,C07,430701.08
Jan-2025,2025,1,D07,C08,466953.46
Jan-2025,2025,1,D07,C09,85223.85
Jan-2025,2025,1,D07,C10,553831.61
Jan-2025,2025,1,D08,C01,854948.48
Jan-2025,2025,1,D08,C02,183075.86
Jan-2025,2025,1,D08,C03,339710.86
Jan-2025,2025,1,D08,C04,473193.06
Jan-2025,2025,1,D08,C05,422105.69
Jan-2025,2025,1,D08,C06,432524.97
Jan-2025,2025,1,D08,C07,854293.67
Jan-2025,2025,1,D08,C08,124430.6
Jan-2025,2025,1,D08,C09,196518.57
Jan-2025,2025,1,D08,C10,144104.81
Feb-2025,2025,2,D01,C01,587690.96
Feb-2025,2025,2,D01,C02,536816.01
Feb-2025,2025,2,D01,C03,827899.93
Feb-2025,2025,2,D01,C04,371208.95
Feb-2025,2025,2,D01,C05,162991.17
Feb-2025,2025,2,D01,C06,162979.82
Feb-2025,2025,2,D01,C07,375032.19
Feb-2025,2025,2,D01,C08,497049.26
Feb-2025,2025,2,D01,C09,291637.08
Feb-2025,2025,2,D01,C10,422677.34
Feb-2025,2025,2,D02,C01,349832.78
Feb-2025,2025,2,D02,C02,545845.59
Feb-2025,2025,2,D02,C03,895401.45
Feb-2025,2025,2,D02,C04,189484.32
Feb-2025,2025,2,D02,C05,175130.46
Feb-2025,2025,2,D02,C06,175873.48
Feb-2025,2025,2,D02,C07,540450.79
Feb-2025,2025,2,D02,C08,336445.43
Feb-2025,2025,2,D02,C09,225322.45
Feb-2025,2025,2,D02,C10,226594.19
Feb-2025,2025,2,D03,C01,747165.15
Feb-2025,2025,2,D03,C02,155217.91
Feb-2025,2025,2,D03,C03,532321.2
Feb-2025,2025,2,D03,C04,261936.61
Feb-2025,2025,2,D03,C05,304135.32
Feb-2025,2025,2,D03,C06,458946.77
Feb-2025,2025,2,D03,C07,470180.78
Feb-2025,2025,2,D03,C08,331495.88
Feb-2025,2025,2,D03,C09,288226.51
Feb-2025,2025,2,D03,C10,111450.27
Feb-2025,2025,2,D04,C01,744270.14
Feb-2025,2025,2,D04,C02,169814.55
Feb-2025,2025,2,D04,C03,379714.67
Feb-2025,2025,2,D04,C04,535955.76
Feb-2025,2025,2,D04,C05,543833.31
Feb-2025,2025,2,D04,C06,469870.11
Feb-2025,2025,2,D04,C07,540700.45
Feb-2025,2025,2,D04,C08,135544.96
Feb-2025,2025,2,D04,C09,324219.35
Feb-2025,2025,2,D04,C10,296647.73
Feb-2025,2025,2,D05,C01,418009.69
Feb-2025,2025,2,D05,C02,322531.22
Feb-2025,2025,2,D05,C03,359109.09
Feb-2025,2025,2,D05,C04,517344.32
Feb-2025,2025,2,D05,C05,211330.1
Feb-2025,2025,2,D05,C06,401250.48
Feb-2025,2025,2,D05,C07,545469.84
Feb-2025,2025,2,D05,C08,334240.0
Feb-2025,2025,2,D05,C09,270310.43
Feb-2025,2025,2,D05,C10,176555.54
Feb-2025,2025,2,D06,C01,987560.87
Feb-2025,2025,2,D06,C02,454222.48
Feb-2025,2025,2,D06,C03,967343.29
Feb-2025,2025,2,D06,C04,510526.79
Feb-2025,2025,2,D06,C05,370852.15
Feb-2025,2025,2,D06,C06,523249.64
Feb-2025,2025,2,D06,C07,395466.96
Feb-2025,2025,2,D06,C08,181790.34
Feb-2025,2025,2,D06,C09,73729.1
Feb-2025,2025,2,D06,C10,242635.39
Feb-2025,2025,2,D07,C01,597191.14
Feb-2025,2025,2,D07,C02,217242.58
Feb-2025,2025,2,D07,C03,892911.61
Feb-2025,2025,2,D07,C04,257416.76
Feb-2025,2025,2,D07,C05,221751.59
Feb-2025,2025,2,D07,C06,344884.24
Feb-2025,2025,2,D07,C07,430701.08
Feb-2025,2025,2,D07,C08,466953.46
Feb-2025,2025,2,D07,C09,85223.85
Feb-2025,2025,2,D07,C10,553831.61
Feb-2025,2025,2,D08,C01,854948.48
Feb-2025,2025,2,D08,C02,183075.86
Feb-2025,2025,2,D08,C03,339710.86
Feb-2025,2025,2,D08,C04,473193.06
Feb-2025,2025,2,D08,C05,422105.69
Feb-2025,2025,2,D08,C06,432524.97
Feb-2025,2025,2,D08,C07,854293.67
Feb-2025,2025,2,D08,C08,124430.6
Feb-2025,2025,2,D08,C09,196518.57
Feb-2025,2025,2,D08,C10,144104.81
Mar-2025,2025,3,D01,C01,675844.6
Mar-2025,2025,3,D01,C02,617338.41
Mar-2025,2025,3,D01,C03,952084.92
Mar-2025,2025,3,D01,C04,426890.29
Mar-2025,2025,3,D01,C05,187439.84
Mar-2025,2025,3,D01,C06,187426.8
Mar-2025,2025,3,D01,C07,431287.02
Mar-2025,2025,3,D01,C08,571606.65
Mar-2025,2025,3,D01,C09,335382.65
Mar-2025,2025,3,D01,C10,486078.94
Mar-2025,2025,3,D02,C01,402307.7
Mar-2025,2025,3,D02,C02,627722.43
Mar-2025,2025,3,D02,C03,1029711.67
Mar-2025,2025,3,D02,C04,217906.97
Mar-2025,2025,3,D02,C05,201400.03
Mar-2025,2025,3,D02,C06,202254.5
Mar-2025,2025,3,D02,C07,621518.41
Mar-2025,2025,3,D02,C08,386912.24
Mar-2025,2025,3,D02,C09,259120.81
Mar-2025,2025,3,D02,C10,260583.32
Mar-2025,2025,3,D03,C01,859239.92
Mar-2025,2025,3,D03,C02,178500.6
Mar-2025,2025,3,D03,C03,612169.38
Mar-2025,2025,3,D03,C04,301227.1
Mar-2025,2025,3,D03,C05,349755.62
Mar-2025,2025,3,D03,C06,527788.79
Mar-2025,2025,3,D03,C07,540707.9
Mar-2025,2025,3,D03,C08,381220.26
Mar-2025,2025,3,D03,C09,331460.49
Mar-2025,2025,3,D03,C10,128167.82
Mar-2025,2025,3,D04,C01,855910.66
Mar-2025,2025,3,D04,C02,195286.73
Mar-2025,2025,3,D04,C03,436671.87
Mar-2025,2025,3,D04,C04,616349.12
Mar-2025,2025,3,D04,C05,625408.3
Mar-2025,2025,3,D04,C06,540350.63
Mar-2025,2025,3,D04,C07,621805.52
Mar-2025,2025,3,D04,C08,155876.71
Mar-2025,2025,3,D04,C09,372852.25
Mar-2025,2025,3,D04,C10,341144.89
Mar-2025,2025,3,D05,C01,480711.15
Mar-2025,2025,3,D05,C02,370910.9
Mar-2025,2025,3,D05,C03,412975.45
Mar-2025,2025,3,D05,C04,594945.96
Mar-2025,2025,3,D05,C05,243029.62
Mar-2025,2025,3,D05,C06,461438.05
Mar-2025,2025,3,D05,C07,627290.32
Mar-2025,2025,3,D05,C08,384376.0
Mar-2025,2025,3,D05,C09,310856.99
Mar-2025,2025,3,D05,C10,203038.87
Mar-2025,2025,3,D06,C01,1135695.0
Mar-2025,2025,3,D06,C02,522355.85
Mar-2025,2025,3,D06,C03,1112444.78
Mar-2025,2025,3,D06,C04,587105.8
Mar-2025,2025,3,D06,C05,426479.97
Mar-2025,2025,3,D06,C06,601737.09
Mar-2025,2025,3,D06,C07,454787.01
Mar-2025,2025,3,D06,C08,209058.89
Mar-2025,2025,3,D06,C09,84788.46
Mar-2025,2025,3,D06,C10,279030.7
Mar-2025,2025,3,D07,C01,686769.81
Mar-2025,2025,3,D07,C02,249828.97
Mar-2025,2025,3,D07,C03,1026848.35
Mar-2025,2025,3,D07,C04,296029.28
Mar-2025,2025,3,D07,C05,255014.33
Mar-2025,2025,3,D07,C06,396616.87
Mar-2025,2025,3,D07,C07,495306.24
Mar-2025,2025,3,D07,C08,536996.48
Mar-2025,2025,3,D07,C09,98007.43
Mar-2025,2025,3,D07,C10,636906.36
Mar-2025,2025,3,D08,C01,983190.76
Mar-2025,2025,3,D08,C02,210537.24
Mar-2025,2025,3,D08,C03,390667.49
Mar-2025,2025,3,D08,C04,544172.01
Mar-2025,2025,3,D08,C05,485421.55
Mar-2025,2025,3,D08,C06,497403.72
Mar-2025,2025,3,D08,C07,982437.72
Mar-2025,2025,3,D08,C08,143095.19
Mar-2025,2025,3,D08,C09,225996.35
Mar-2025,2025,3,D08,C10,165720.53
Apr-2025,2025,4,D01,C01,587690.96
Apr-2025,2025,4,D01,C02,536816.01
Apr-2025,2025,4,D01,C03,827899.93
Apr-2025,2025,4,D01,C04,371208.95
Apr-2025,2025,4,D01,C05,162991.17
Apr-2025,2025,4,D01,C06,162979.82
Apr-2025,2025,4,D01,C07,375032.19
Apr-2025,2025,4,D01,C08,497049.26
Apr-2025,2025,4,D01,C09,291637.08
Apr-2025,2025,4,D01,C10,422677.34
Apr-2025,2025,4,D02,C01,349832.78
Apr-2025,2025,4,D02,C02,545845.59
Apr-2025,2025,4,D02,C03,895401.45
Apr-2025,2025,4,D02,C04,189484.32
Apr-2025,2025,4,D02,C05,175130.46
Apr-2025,2025,4,D02,C06,175873.48
Apr-2025,2025,4,D02,C07,540450.79
Apr-2025,2025,4,D02,C08,336445.43
Apr-2025,2025,4,D02,C09,225322.45
Apr-2025,2025,4,D02,C10,226594.19
Apr-2025,2025,4,D03,C01,747165.15
Apr-2025,2025,4,D03,C02,155217.91
Apr-2025,2025,4,D03,C03,532321.2
Apr-2025,2025,4,D03,C04,261936.61
Apr-2025,2025,4,D03,C05,304135.32
Apr-2025,2025,4,D03,C06,458946.77
Apr-2025,2025,4,D03,C07,470180.78
Apr-2025,2025,4,D03,C08,331495.88
Apr-2025,2025,4,D03,C09,288226.51
Apr-2025,2025,4,D03,C10,111450.27
Apr-2025,2025,4,D04,C01,744270.14
Apr-2025,2025,4,D04,C02,169814.55
Apr-2025,2025,4,D04,C03,379714.67
Apr-2025,2025,4,D04,C04,535955.76
Apr-2025,2025,4,D04,C05,543833.31
Apr-2025,2025,4,D04,C06,469870.11
Apr-2025,2025,4,D04,C07,540700.45
Apr-2025,2025,4,D04,C08,135544.96
Apr-2025,2025,4,D04,C09,324219.35
Apr-2025,2025,4,D04,C10,296647.73
Apr-2025,2025,4,D05,C01,418009.69
Apr-2025,2025,4,D05,C02,322531.22
Apr-2025,2025,4,D05,C03,359109.09
Apr-2025,2025,4,D05,C04,517344.32
Apr-2025,2025,4,D05,C05,211330.1
Apr-2025,2025,4,D05,C06,401250.48
Apr-2025,2025,4,D05,C07,545469.84
Apr-2025,2025,4,D05,C08,334240.0
Apr-2025,2025,4,D05,C09,270310.43
Apr-2025,2025,4,D05,C10,176555.54
Apr-2025,2025,4,D06,C01,987560.87
Apr-2025,2025,4,D06,C02,454222.48
Apr-2025,2025,4,D06,C03,967343.29
Apr-2025,2025,4,D06,C04,510526.79
Apr-2025,2025,4,D06,C05,370852.15
Apr-2025,2025,4,D06,C06,523249.64
Apr-2025,2025,4,D06,C07,395466.96
Apr-2025,2025,4,D06,C08,181790.34
Apr-2025,2025,4,D06,C09,73729.1
Apr-2025,2025,4,D06,C10,242635.39
Apr-2025,2025,4,D07,C01,597191.14
Apr-2025,2025,4,D07,C02,217242.58
Apr-2025,2025,4,D07,C03,892911.61
Apr-2025,2025,4,D07,C04,257416.76
Apr-2025,2025,4,D07,C05,221751.59
Apr-2025,2025,4,D07,C06,344884.24
Apr-2025,2025,4,D07,C07,430701.08
Apr-2025,2025,4,D07,C08,466953.46
Apr-2025,2025,4,D07,C09,85223.85
Apr-2025,2025,4,D07,C10,553831.61
Apr-2025,2025,4,D08,C01,854948.48
Apr-2025,2025,4,D08,C02,183075.86
Apr-2025,2025,4,D08,C03,339710.86
Apr-2025,2025,4,D08,C04,473193.06
Apr-2025,2025,4,D08,C05,422105.69
Apr-2025,2025,4,D08,C06,432524.97
Apr-2025,2025,4,D08,C07,854293.67
Apr-2025,2025,4,D08,C08,124430.6
Apr-2025,2025,4,D08,C09,196518.57
Apr-2025,2025,4,D08,C10,144104.81
May-2025,2025,5,D01,C01,587690.96
May-2025,2025,5,D01,C02,536816.01
May-2025,2025,5,D01,C03,827899.93
May-2025,2025,5,D01,C04,371208.95
May-2025,2025,5,D01,C05,162991.17
May-2025,2025,5,D01,C06,162979.82
May-2025,2025,5,D01,C07,375032.19
May-2025,2025,5,D01,C08,497049.26
May-2025,2025,5,D01,C09,291637.08
May-2025,2025,5,D01,C10,422677.34
May-2025,2025,5,D02,C01,349832.78
May-2025,2025,5,D02,C02,545845.59
May-2025,2025,5,D02,C03,895401.45
May-2025,2025,5,D02,C04,189484.32
May-2025,2025,5,D02,C05,175130.46
May-2025,2025,5,D02,C06,175873.48
May-2025,2025,5,D02,C07,540450.79
May-2025,2025,5,D02,C08,336445.43
May-2025,2025,5,D02,C09,225322.45
May-2025,2025,5,D02,C10,226594.19
May-2025,2025,5,D03,C01,747165.15
May-2025,2025,5,D03,C02,155217.91
May-2025,2025,5,D03,C03,532321.2
May-2025,2025,5,D03,C04,261936.61
May-2025,2025,5,D03,C05,304135.32
May-2025,2025,5,D03,C06,458946.77
May-2025,2025,5,D03,C07,470180.78
May-2025,2025,5,D03,C08,331495.88
May-2025,2025,5,D03,C09,288226.51
May-2025,2025,5,D03,C10,111450.27
May-2025,2025,5,D04,C01,744270.14
May-2025,2025,5,D04,C02,169814.55
May-2025,2025,5,D04,C03,379714.67
May-2025,2025,5,D04,C04,535955.76
May-2025,2025,5,D04,C05,543833.31
May-2025,2025,5,D04,C06,469870.11
May-2025,2025,5,D04,C07,540700.45
May-2025,2025,5,D04,C08,135544.96
May-2025,2025,5,D04,C09,324219.35
May-2025,2025,5,D04,C10,296647.73
May-2025,2025,5,D05,C01,418009.69
May-2025,2025,5,D05,C02,322531.22
May-2025,2025,5,D05,C03,359109.09
May-2025,2025,5,D05,C04,517344.32
May-2025,2025,5,D05,C05,211330.1
May-2025,2025,5,D05,C06,401250.48
May-2025,2025,5,D05,C07,545469.84
May-2025,2025,5,D05,C08,334240.0
May-2025,2025,5,D05,C09,270310.43
May-2025,2025,5,D05,C10,176555.54
May-2025,2025,5,D06,C01,987560.87
May-2025,2025,5,D06,C02,454222.48
May-2025,2025,5,D06,C03,967343.29
May-2025,2025,5,D06,C04,510526.79
May-2025,2025,5,D06,C05,370852.15
May-2025,2025,5,D06,C06,523249.64
May-2025,2025,5,D06,C07,395466.96
May-2025,2025,5,D06,C08,181790.34
May-2025,2025,5,D06,C09,73729.1
May-2025,2025,5,D06,C10,242635.39
May-2025,2025,5,D07,C01,597191.14
May-2025,2025,5,D07,C02,217242.58
May-2025,2025,5,D07,C03,892911.61
May-2025,2025,5,D07,C04,257416.76
May-2025,2025,5,D07,C05,221751.59
May-2025,2025,5,D07,C06,344884.24
May-2025,2025,5,D07,C07,430701.08
May-2025,2025,5,D07,C08,466953.46
May-2025,2025,5,D07,C09,85223.85
May-2025,2025,5,D07,C10,553831.61
May-2025,2025,5,D08,C01,854948.48
May-2025,2025,5,D08,C02,183075.86
May-2025,2025,5,D08,C03,339710.86
May-2025,2025,5,D08,C04,473193.06
May-2025,2025,5,D08,C05,422105.69
May-2025,2025,5,D08,C06,432524.97
May-2025,2025,5,D08,C07,854293.67
May-2025,2025,5,D08,C08,124430.6
May-2025,2025,5,D08,C09,196518.57
May-2025,2025,5,D08,C10,144104.81
Jun-2025,2025,6,D01,C01,540675.68
Jun-2025,2025,6,D01,C02,493870.73
Jun-2025,2025,6,D01,C03,761667.93
Jun-2025,2025,6,D01,C04,341512.23
Jun-2025,2025,6,D01,C05,149951.87
Jun-2025,2025,6,D01,C06,149941.44
Jun-2025,2025,6,D01,C07,345029.61
Jun-2025,2025,6,D01,C08,457285.32
Jun-2025,2025,6,D01,C09,268306.12
Jun-2025,2025,6,D01,C10,388863.15
Jun-2025,2025,6,D02,C01,321846.16
Jun-2025,2025,6,D02,C02,502177.95
Jun-2025,2025,6,D02,C03,823769.34
Jun-2025,2025,6,D02,C04,174325.57
Jun-2025,2025,6,D02,C05,161120.03
Jun-2025,2025,6,D02,C06,161803.6
Jun-2025,2025,6,D02,C07,497214.72
Jun-2025,2025,6,D02,C08,309529.79
Jun-2025,2025,6,D02,C09,207296.65
Jun-2025,2025,6,D02,C10,208466.65
Jun-2025,2025,6,D03,C01,687391.93
Jun-2025,2025,6,D03,C02,142800.48
Jun-2025,2025,6,D03,C03,489735.51
Jun-2025,2025,6,D03,C04,240981.68
Jun-2025,2025,6,D03,C05,279804.49
Jun-2025,2025,6,D03,C06,422231.03
Jun-2025,2025,6,D03,C07,432566.32
Jun-2025,2025,6,D03,C08,304976.21
Jun-2025,2025,6,D03,C09,265168.39
Jun-2025,2025,6,D03,C10,102534.25
Jun-2025,2025,6,D04,C01,684728.53
Jun-2025,2025,6,D04,C02,156229.38
Jun-2025,2025,6,D04,C03,349337.5
Jun-2025,2025,6,D04,C04,493079.3
Jun-2025,2025,6,D04,C05,500326.64
Jun-2025,2025,6,D04,C06,432280.5
Jun-2025,2025,6,D04,C07,497444.42
Jun-2025,2025,6,D04,C08,124701.37
Jun-2025,2025,6,D04,C09,298281.8
Jun-2025,2025,6,D04,C10,272915.91
Jun-2025,2025,6,D05,C01,384568.92
Jun-2025,2025,6,D05,C02,296728.72
Jun-2025,2025,6,D05,C03,330380.36
Jun-2025,2025,6,D05,C04,475956.77
Jun-2025,2025,6,D05,C05,194423.7
Jun-2025,2025,6,D05,C06,369150.44
Jun-2025,2025,6,D05,C07,501832.26
Jun-2025,2025,6,D05,C08,307500.8
Jun-2025,2025,6,D05,C09,248685.6
Jun-2025,2025,6,D05,C10,162431.09
Jun-2025,2025,6,D06,C01,908556.0
Jun-2025,2025,6,D06,C02,417884.68
Jun-2025,2025,6,D06,C03,889955.83
Jun-2025,2025,6,D06,C04,469684.64
Jun-2025,2025,6,D06,C05,341183.98
Jun-2025,2025,6,D06,C06,481389.67
Jun-2025,2025,6,D06,C07,363829.6
Jun-2025,2025,6,D06,C08,167247.11
Jun-2025,2025,6,D06,C09,67830.77
Jun-2025,2025,6,D06,C10,223224.56
Jun-2025,2025,6,D07,C01,549415.85
Jun-2025,2025,6,D07,C02,199863.18
Jun-2025,2025,6,D07,C03,821478.68
Jun-2025,2025,6,D07,C04,236823.42
Jun-2025,2025,6,D07,C05,204011.47
Jun-2025,2025,6,D07,C06,317293.5
Jun-2025,2025,6,D07,C07,396244.99
Jun-2025,2025,6,D07,C08,429597.18
Jun-2025,2025,6,D07,C09,78405.94
Jun-2025,2025,6,D07,C10,509525.09
Jun-2025,2025,6,D08,C01,786552.61
Jun-2025,2025,6,D08,C02,168429.79
Jun-2025,2025,6,D08,C03,312533.99
Jun-2025,2025,6,D08,C04,435337.61
Jun-2025,2025,6,D08,C05,388337.24
Jun-2025,2025,6,D08,C06,397922.97
Jun-2025,2025,6,D08,C07,785950.18
Jun-2025,2025,6,D08,C08,114476.16
Jun-2025,2025,6,D08,C09,180797.08
Jun-2025,2025,6,D08,C10,132576.42
Jul-2025,2025,7,D01,C01,540675.68
Jul-2025,2025,7,D01,C02,493870.73
Jul-2025,2025,7,D01,C03,761667.93
Jul-2025,2025,7,D01,C04,341512.23
Jul-2025,2025,7,D01,C05,149951.87
Jul-2025,2025,7,D01,C06,149941.44
Jul-2025,2025,7,D01,C07,345029.61
Jul-2025,2025,7,D01,C08,457285.32
Jul-2025,2025,7,D01,C09,268306.12
Jul-2025,2025,7,D01,C10,388863.15
Jul-2025,2025,7,D02,C01,321846.16
Jul-2025,2025,7,D02,C02,502177.95
Jul-2025,2025,7,D02,C03,823769.34
Jul-2025,2025,7,D02,C04,174325.57
Jul-2025,2025,7,D02,C05,161120.03
Jul-2025,2025,7,D02,C06,161803.6
Jul-2025,2025,7,D02,C07,497214.72
Jul-2025,2025,7,D02,C08,309529.79
Jul-2025,2025,7,D02,C09,207296.65
Jul-2025,2025,7,D02,C10,208466.65
Jul-2025,2025,7,D03,C01,687391.93
Jul-2025,2025,7,D03,C02,142800.48
Jul-2025,2025,7,D03,C03,489735.51
Jul-2025,2025,7,D03,C04,240981.68
Jul-2025,2025,7,D03,C05,279804.49
Jul-2025,2025,7,D03,C06,422231.03
Jul-2025,2025,7,D03,C07,432566.32
Jul-2025,2025,7,D03,C08,304976.21
Jul-2025,2025,7,D03,C09,265168.39
Jul-2025,2025,7,D03,C10,102534.25
Jul-2025,2025,7,D04,C01,684728.53
Jul-2025,2025,7,D04,C02,156229.38
Jul-2025,2025,7,D04,C03,349337.5
Jul-2025,2025,7,D04,C04,493079.3
Jul-2025,2025,7,D04,C05,500326.64
Jul-2025,2025,7,D04,C06,432280.5
Jul-2025,2025,7,D04,C07,497444.42
Jul-2025,2025,7,D04,C08,124701.37
Jul-2025,2025,7,D04,C09,298281.8
Jul-2025,2025,7,D04,C10,272915.91
Jul-2025,2025,7,D05,C01,384568.92
Jul-2025,2025,7,D05,C02,296728.72
Jul-2025,2025,7,D05,C03,330380.36
Jul-2025,2025,7,D05,C04,475956.77
Jul-2025,2025,7,D05,C05,194423.7
Jul-2025,2025,7,D05,C06,369150.44
Jul-2025,2025,7,D05,C07,501832.26
Jul-2025,2025,7,D05,C08,307500.8
Jul-2025,2025,7,D05,C09,248685.6
Jul-2025,2025,7,D05,C10,162431.09
Jul-2025,2025,7,D06,C01,908556.0
Jul-2025,2025,7,D06,C02,417884.68
Jul-2025,2025,7,D06,C03,889955.83
Jul-2025,2025,7,D06,C04,469684.64
Jul-2025,2025,7,D06,C05,341183.98
Jul-2025,2025,7,D06,C06,481389.67
Jul-2025,2025,7,D06,C07,363829.6
Jul-2025,2025,7,D06,C08,167247.11
Jul-2025,2025,7,D06,C09,67830.77
Jul-2025,2025,7,D06,C10,223224.56
Jul-2025,2025,7,D07,C01,549415.85
Jul-2025,2025,7,D07,C02,199863.18
Jul-2025,2025,7,D07,C03,821478.68
Jul-2025,2025,7,D07,C04,236823.42
Jul-2025,2025,7,D07,C05,204011.47
Jul-2025,2025,7,D07,C06,317293.5
Jul-2025,2025,7,D07,C07,396244.99
Jul-2025,2025,7,D07,C08,429597.18
Jul-2025,2025,7,D07,C09,78405.94
Jul-2025,2025,7,D07,C10,509525.09
Jul-2025,2025,7,D08,C01,786552.61
Jul-2025,2025,7,D08,C02,168429.79
Jul-2025,2025,7,D08,C03,312533.99
Jul-2025,2025,7,D08,C04,435337.61
Jul-2025,2025,7,D08,C05,388337.24
Jul-2025,2025,7,D08,C06,397922.97
Jul-2025,2025,7,D08,C07,785950.18
Jul-2025,2025,7,D08,C08,114476.16
Jul-2025,2025,7,D08,C09,180797.08
Jul-2025,2025,7,D08,C10,132576.42
Aug-2025,2025,8,D01,C01,587690.96
Aug-2025,2025,8,D01,C02,536816.01
Aug-2025,2025,8,D01,C03,827899.93
Aug-2025,2025,8,D01,C04,371208.95
Aug-2025,2025,8,D01,C05,162991.17
Aug-2025,2025,8,D01,C06,162979.82
Aug-2025,2025,8,D01,C07,375032.19
Aug-2025,2025,8,D01,C08,497049.26
Aug-2025,2025,8,D01,C09,291637.08
Aug-2025,2025,8,D01,C10,422677.34
Aug-2025,2025,8,D02,C01,349832.78
Aug-2025,2025,8,D02,C02,545845.59
Aug-2025,2025,8,D02,C03,895401.45
Aug-2025,2025,8,D02,C04,189484.32
Aug-2025,2025,8,D02,C05,175130.46
Aug-2025,2025,8,D02,C06,175873.48
Aug-2025,2025,8,D02,C07,540450.79
Aug-2025,2025,8,D02,C08,336445.43
Aug-2025,2025,8,D02,C09,225322.45
Aug-2025,2025,8,D02,C10,226594.19
Aug-2025,2025,8,D03,C01,747165.15
Aug-2025,2025,8,D03,C02,155217.91
Aug-2025,2025,8,D03,C03,532321.2
Aug-2025,2025,8,D03,C04,261936.61
Aug-2025,2025,8,D03,C05,304135.32
Aug-2025,2025,8,D03,C06,458946.77
Aug-2025,2025,8,D03,C07,470180.78
Aug-2025,2025,8,D03,C08,331495.88
Aug-2025,2025,8,D03,C09,288226.51
Aug-2025,2025,8,D03,C10,111450.27
Aug-2025,2025,8,D04,C01,744270.14
Aug-2025,2025,8,D04,C02,169814.55
Aug-2025,2025,8,D04,C03,379714.67
Aug-2025,2025,8,D04,C04,535955.76
Aug-2025,2025,8,D04,C05,543833.31
Aug-2025,2025,8,D04,C06,469870.11
Aug-2025,2025,8,D04,C07,540700.45
Aug-2025,2025,8,D04,C08,135544.96
Aug-2025,2025,8,D04,C09,324219.35
Aug-2025,2025,8,D04,C10,296647.73
Aug-2025,2025,8,D05,C01,418009.69
Aug-2025,2025,8,D05,C02,322531.22
Aug-2025,2025,8,D05,C03,359109.09
Aug-2025,2025,8,D05,C04,517344.32
Aug-2025,2025,8,D05,C05,211330.1
Aug-2025,2025,8,D05,C06,401250.48
Aug-2025,2025,8,D05,C07,545469.84
Aug-2025,2025,8,D05,C08,334240.0
Aug-2025,2025,8,D05,C09,270310.43
Aug-2025,2025,8,D05,C10,176555.54
Aug-2025,2025,8,D06,C01,987560.87
Aug-2025,2025,8,D06,C02,454222.48
Aug-2025,2025,8,D06,C03,967343.29
Aug-2025,2025,8,D06,C04,510526.79
Aug-2025,2025,8,D06,C05,370852.15
Aug-2025,2025,8,D06,C06,523249.64
Aug-2025,2025,8,D06,C07,395466.96
Aug-2025,2025,8,D06,C08,181790.34
Aug-2025,2025,8,D06,C09,73729.1
Aug-2025,2025,8,D06,C10,242635.39
Aug-2025,2025,8,D07,C01,597191.14
Aug-2025,2025,8,D07,C02,217242.58
Aug-2025,2025,8,D07,C03,892911.61
Aug-2025,2025,8,D07,C04,257416.76
Aug-2025,2025,8,D07,C05,221751.59
Aug-2025,2025,8,D07,C06,344884.24
Aug-2025,2025,8,D07,C07,430701.08
Aug-2025,2025,8,D07,C08,466953.46
Aug-2025,2025,8,D07,C09,85223.85
Aug-2025,2025,8,D07,C10,553831.61
Aug-2025,2025,8,D08,C01,854948.48
Aug-2025,2025,8,D08,C02,183075.86
Aug-2025,2025,8,D08,C03,339710.86
Aug-2025,2025,8,D08,C04,473193.06
Aug-2025,2025,8,D08,C05,422105.69
Aug-2025,2025,8,D08,C06,432524.97
Aug-2025,2025,8,D08,C07,854293.67
Aug-2025,2025,8,D08,C08,124430.6
Aug-2025,2025,8,D08,C09,196518.57
Aug-2025,2025,8,D08,C10,144104.81
Sep-2025,2025,9,D01,C01,587690.96
Sep-2025,2025,9,D01,C02,536816.01
Sep-2025,2025,9,D01,C03,827899.93
Sep-2025,2025,9,D01,C04,371208.95
Sep-2025,2025,9,D01,C05,162991.17
Sep-2025,2025,9,D01,C06,162979.82
Sep-2025,2025,9,D01,C07,375032.19
Sep-2025,2025,9,D01,C08,497049.26
Sep-2025,2025,9,D01,C09,291637.08
Sep-2025,2025,9,D01,C10,422677.34
Sep-2025,2025,9,D02,C01,349832.78
Sep-2025,2025,9,D02,C02,545845.59
Sep-2025,2025,9,D02,C03,895401.45
Sep-2025,2025,9,D02,C04,189484.32
Sep-2025,2025,9,D02,C05,175130.46
Sep-2025,2025,9,D02,C06,175873.48
Sep-2025,2025,9,D02,C07,540450.79
Sep-2025,2025,9,D02,C08,336445.43
Sep-2025,2025,9,D02,C09,225322.45
Sep-2025,2025,9,D02,C10,226594.19
Sep-2025,2025,9,D03,C01,747165.15
Sep-2025,2025,9,D03,C02,155217.91
Sep-2025,2025,9,D03,C03,532321.2
Sep-2025,2025,9,D03,C04,261936.61
Sep-2025,2025,9,D03,C05,304135.32
Sep-2025,2025,9,D03,C06,458946.77
Sep-2025,2025,9,D03,C07,470180.78
Sep-2025,2025,9,D03,C08,331495.88
Sep-2025,2025,9,D03,C09,288226.51
Sep-2025,2025,9,D03,C10,111450.27
Sep-2025,2025,9,D04,C01,744270.14
Sep-2025,2025,9,D04,C02,169814.55
Sep-2025,2025,9,D04,C03,379714.67
Sep-2025,2025,9,D04,C04,535955.76
Sep-2025,2025,9,D04,C05,543833.31
Sep-2025,2025,9,D04,C06,469870.11
Sep-2025,2025,9,D04,C07,540700.45
Sep-2025,2025,9,D04,C08,135544.96
Sep-2025,2025,9,D04,C09,324219.35
Sep-2025,2025,9,D04,C10,296647.73
Sep-2025,2025,9,D05,C01,418009.69
Sep-2025,2025,9,D05,C02,322531.22
Sep-2025,2025,9,D05,C03,359109.09
Sep-2025,2025,9,D05,C04,517344.32
Sep-2025,2025,9,D05,C05,211330.1
Sep-2025,2025,9,D05,C06,401250.48
Sep-2025,2025,9,D05,C07,545469.84
Sep-2025,2025,9,D05,C08,334240.0
Sep-2025,2025,9,D05,C09,270310.43
Sep-2025,2025,9,D05,C10,176555.54
Sep-2025,2025,9,D06,C01,987560.87
Sep-2025,2025,9,D06,C02,454222.48
Sep-2025,2025,9,D06,C03,967343.29
Sep-2025,2025,9,D06,C04,510526.79
Sep-2025,2025,9,D06,C05,370852.15
Sep-2025,2025,9,D06,C06,523249.64
Sep-2025,2025,9,D06,C07,395466.96
Sep-2025,2025,9,D06,C08,181790.34
Sep-2025,2025,9,D06,C09,73729.1
Sep-2025,2025,9,D06,C10,242635.39
Sep-2025,2025,9,D07,C01,597191.14
Sep-2025,2025,9,D07,C02,217242.58
Sep-2025,2025,9,D07,C03,892911.61
Sep-2025,2025,9,D07,C04,257416.76
Sep-2025,2025,9,D07,C05,221751.59
Sep-2025,2025,9,D07,C06,344884.24
Sep-2025,2025,9,D07,C07,430701.08
Sep-2025,2025,9,D07,C08,466953.46
Sep-2025,2025,9,D07,C09,85223.85
Sep-2025,2025,9,D07,C10,553831.61
Sep-2025,2025,9,D08,C01,854948.48
Sep-2025,2025,9,D08,C02,183075.86
Sep-2025,2025,9,D08,C03,339710.86
Sep-2025,2025,9,D08,C04,473193.06
Sep-2025,2025,9,D08,C05,422105.69
Sep-2025,2025,9,D08,C06,432524.97
Sep-2025,2025,9,D08,C07,854293.67
Sep-2025,2025,9,D08,C08,124430.6
Sep-2025,2025,9,D08,C09,196518.57
Sep-2025,2025,9,D08,C10,144104.81
Oct-2025,2025,10,D01,C01,587690.96
Oct-2025,2025,10,D01,C02,536816.01
Oct-2025,2025,10,D01,C03,827899.93
Oct-2025,2025,10,D01,C04,371208.95
Oct-2025,2025,10,D01,C05,162991.17
Oct-2025,2025,10,D01,C06,162979.82
Oct-2025,2025,10,D01,C07,375032.19
Oct-2025,2025,10,D01,C08,497049.26
Oct-2025,2025,10,D01,C09,291637.08
Oct-2025,2025,10,D01,C10,422677.34
Oct-2025,2025,10,D02,C01,349832.78
Oct-2025,2025,10,D02,C02,545845.59
Oct-2025,2025,10,D02,C03,895401.45
Oct-2025,2025,10,D02,C04,189484.32
Oct-2025,2025,10,D02,C05,175130.46
Oct-2025,2025,10,D02,C06,175873.48
Oct-2025,2025,10,D02,C07,540450.79
Oct-2025,2025,10,D02,C08,336445.43
Oct-2025,2025,10,D02,C09,225322.45
Oct-2025,2025,10,D02,C10,226594.19
Oct-2025,2025,10,D03,C01,747165.15
Oct-2025,2025,10,D03,C02,155217.91
Oct-2025,2025,10,D03,C03,532321.2
Oct-2025,2025,10,D03,C04,261936.61
Oct-2025,2025,10,D03,C05,304135.32
Oct-2025,2025,10,D03,C06,458946.77
Oct-2025,2025,10,D03,C07,470180.78
Oct-2025,2025,10,D03,C08,331495.88
Oct-2025,2025,10,D03,C09,288226.51
Oct-2025,2025,10,D03,C10,111450.27
Oct-2025,2025,10,D04,C01,744270.14
Oct-2025,2025,10,D04,C02,169814.55
Oct-2025,2025,10,D04,C03,379714.67
Oct-2025,2025,10,D04,C04,535955.76
Oct-2025,2025,10,D04,C05,543833.31
Oct-2025,2025,10,D04,C06,469870.11
Oct-2025,2025,10,D04,C07,540700.45
Oct-2025,2025,10,D04,C08,135544.96
Oct-2025,2025,10,D04,C09,324219.35
Oct-2025,2025,10,D04,C10,296647.73
Oct-2025,2025,10,D05,C01,418009.69
Oct-2025,2025,10,D05,C02,322531.22
Oct-2025,2025,10,D05,C03,359109.09
Oct-2025,2025,10,D05,C04,517344.32
Oct-2025,2025,10,D05,C05,211330.1
Oct-2025,2025,10,D05,C06,401250.48
Oct-2025,2025,10,D05,C07,545469.84
Oct-2025,2025,10,D05,C08,334240.0
Oct-2025,2025,10,D05,C09,270310.43
Oct-2025,2025,10,D05,C10,176555.54
Oct-2025,2025,10,D06,C01,987560.87
Oct-2025,2025,10,D06,C02,454222.48
Oct-2025,2025,10,D06,C03,967343.29
Oct-2025,2025,10,D06,C04,510526.79
Oct-2025,2025,10,D06,C05,370852.15
Oct-2025,2025,10,D06,C06,523249.64
Oct-2025,2025,10,D06,C07,395466.96
Oct-2025,2025,10,D06,C08,181790.34
Oct-2025,2025,10,D06,C09,73729.1
Oct-2025,2025,10,D06,C10,242635.39
Oct-2025,2025,10,D07,C01,597191.14
Oct-2025,2025,10,D07,C02,217242.58
Oct-2025,2025,10,D07,C03,892911.61
Oct-2025,2025,10,D07,C04,257416.76
Oct-2025,2025,10,D07,C05,221751.59
Oct-2025,2025,10,D07,C06,344884.24
Oct-2025,2025,10,D07,C07,430701.08
Oct-2025,2025,10,D07,C08,466953.46
Oct-2025,2025,10,D07,C09,85223.85
Oct-2025,2025,10,D07,C10,553831.61
Oct-2025,2025,10,D08,C01,854948.48
Oct-2025,2025,10,D08,C02,183075.86
Oct-2025,2025,10,D08,C03,339710.86
Oct-2025,2025,10,D08,C04,473193.06
Oct-2025,2025,10,D08,C05,422105.69
Oct-2025,2025,10,D08,C06,432524.97
Oct-2025,2025,10,D08,C07,854293.67
Oct-2025,2025,10,D08,C08,124430.6
Oct-2025,2025,10,D08,C09,196518.57
Oct-2025,2025,10,D08,C10,144104.81
Nov-2025,2025,11,D01,C01,587690.96
Nov-2025,2025,11,D01,C02,536816.01
Nov-2025,2025,11,D01,C03,827899.93
Nov-2025,2025,11,D01,C04,371208.95
Nov-2025,2025,11,D01,C05,162991.17
Nov-2025,2025,11,D01,C06,162979.82
Nov-2025,2025,11,D01,C07,375032.19
Nov-2025,2025,11,D01,C08,497049.26
Nov-2025,2025,11,D01,C09,291637.08
Nov-2025,2025,11,D01,C10,422677.34
Nov-2025,2025,11,D02,C01,349832.78
Nov-2025,2025,11,D02,C02,545845.59
Nov-2025,2025,11,D02,C03,895401.45
Nov-2025,2025,11,D02,C04,189484.32
Nov-2025,2025,11,D02,C05,175130.46
Nov-2025,2025,11,D02,C06,175873.48
Nov-2025,2025,11,D02,C07,540450.79
Nov-2025,2025,11,D02,C08,336445.43
Nov-2025,2025,11,D02,C09,225322.45
Nov-2025,2025,11,D02,C10,226594.19
Nov-2025,2025,11,D03,C01,747165.15
Nov-2025,2025,11,D03,C02,155217.91
Nov-2025,2025,11,D03,C03,532321.2
Nov-2025,2025,11,D03,C04,261936.61
Nov-2025,2025,11,D03,C05,304135.32
Nov-2025,2025,11,D03,C06,458946.77
Nov-2025,2025,11,D03,C07,470180.78
Nov-2025,2025,11,D03,C08,331495.88
Nov-2025,2025,11,D03,C09,288226.51
Nov-2025,2025,11,D03,C10,111450.27
Nov-2025,2025,11,D04,C01,744270.14
Nov-2025,2025,11,D04,C02,169814.55
Nov-2025,2025,11,D04,C03,379714.67
Nov-2025,2025,11,D04,C04,535955.76
Nov-2025,2025,11,D04,C05,543833.31
Nov-2025,2025,11,D04,C06,469870.11
Nov-2025,2025,11,D04,C07,540700.45
Nov-2025,2025,11,D04,C08,135544.96
Nov-2025,2025,11,D04,C09,324219.35
Nov-2025,2025,11,D04,C10,296647.73
Nov-2025,2025,11,D05,C01,418009.69
Nov-2025,2025,11,D05,C02,322531.22
Nov-2025,2025,11,D05,C03,359109.09
Nov-2025,2025,11,D05,C04,517344.32
Nov-2025,2025,11,D05,C05,211330.1
Nov-2025,2025,11,D05,C06,401250.48
Nov-2025,2025,11,D05,C07,545469.84
Nov-2025,2025,11,D05,C08,334240.0
Nov-2025,2025,11,D05,C09,270310.43
Nov-2025,2025,11,D05,C10,176555.54
Nov-2025,2025,11,D06,C01,987560.87
Nov-2025,2025,11,D06,C02,454222.48
Nov-2025,2025,11,D06,C03,967343.29
Nov-2025,2025,11,D06,C04,510526.79
Nov-2025,2025,11,D06,C05,370852.15
Nov-2025,2025,11,D06,C06,523249.64
Nov-2025,2025,11,D06,C07,395466.96
Nov-2025,2025,11,D06,C08,181790.34
Nov-2025,2025,11,D06,C09,73729.1
Nov-2025,2025,11,D06,C10,242635.39
Nov-2025,2025,11,D07,C01,597191.14
Nov-2025,2025,11,D07,C02,217242.58
Nov-2025,2025,11,D07,C03,892911.61
Nov-2025,2025,11,D07,C04,257416.76
Nov-2025,2025,11,D07,C05,221751.59
Nov-2025,2025,11,D07,C06,344884.24
Nov-2025,2025,11,D07,C07,430701.08
Nov-2025,2025,11,D07,C08,466953.46
Nov-2025,2025,11,D07,C09,85223.85
Nov-2025,2025,11,D07,C10,553831.61
Nov-2025,2025,11,D08,C01,854948.48
Nov-2025,2025,11,D08,C02,183075.86
Nov-2025,2025,11,D08,C03,339710.86
Nov-2025,2025,11,D08,C04,473193.06
Nov-2025,2025,11,D08,C05,422105.69
Nov-2025,2025,11,D08,C06,432524.97
Nov-2025,2025,11,D08,C07,854293.67
Nov-2025,2025,11,D08,C08,124430.6
Nov-2025,2025,11,D08,C09,196518.57
Nov-2025,2025,11,D08,C10,144104.81
Dec-2025,2025,12,D01,C01,675844.6
Dec-2025,2025,12,D01,C02,617338.41
Dec-2025,2025,12,D01,C03,952084.92
Dec-2025,2025,12,D01,C04,426890.29
Dec-2025,2025,12,D01,C05,187439.84
Dec-2025,2025,12,D01,C06,187426.8
Dec-2025,2025,12,D01,C07,431287.02
Dec-2025,2025,12,D01,C08,571606.65
Dec-2025,2025,12,D01,C09,335382.65
Dec-2025,2025,12,D01,C10,486078.94
Dec-2025,2025,12,D02,C01,402307.7
Dec-2025,2025,12,D02,C02,627722.43
Dec-2025,2025,12,D02,C03,1029711.67
Dec-2025,2025,12,D02,C04,217906.97
Dec-2025,2025,12,D02,C05,201400.03
Dec-2025,2025,12,D02,C06,202254.5
Dec-2025,2025,12,D02,C07,621518.41
Dec-2025,2025,12,D02,C08,386912.24
Dec-2025,2025,12,D02,C09,259120.81
Dec-2025,2025,12,D02,C10,260583.32
Dec-2025,2025,12,D03,C01,859239.92
Dec-2025,2025,12,D03,C02,178500.6
Dec-2025,2025,12,D03,C03,612169.38
Dec-2025,2025,12,D03,C04,301227.1
Dec-2025,2025,12,D03,C05,349755.62
Dec-2025,2025,12,D03,C06,527788.79
Dec-2025,2025,12,D03,C07,540707.9
Dec-2025,2025,12,D03,C08,381220.26
Dec-2025,2025,12,D03,C09,331460.49
Dec-2025,2025,12,D03,C10,128167.82
Dec-2025,2025,12,D04,C01,855910.66
Dec-2025,2025,12,D04,C02,195286.73
Dec-2025,2025,12,D04,C03,436671.87
Dec-2025,2025,12,D04,C04,616349.12
Dec-2025,2025,12,D04,C05,625408.3
Dec-2025,2025,12,D04,C06,540350.63
Dec-2025,2025,12,D04,C07,621805.52
Dec-2025,2025,12,D04,C08,155876.71
Dec-2025,2025,12,D04,C09,372852.25
Dec-2025,2025,12,D04,C10,341144.89
Dec-2025,2025,12,D05,C01,480711.15
Dec-2025,2025,12,D05,C02,370910.9
Dec-2025,2025,12,D05,C03,412975.45
Dec-2025,2025,12,D05,C04,594945.96
Dec-2025,2025,12,D05,C05,243029.62
Dec-2025,2025,12,D05,C06,461438.05
Dec-2025,2025,12,D05,C07,627290.32
Dec-2025,2025,12,D05,C08,384376.0
Dec-2025,2025,12,D05,C09,310856.99
Dec-2025,2025,12,D05,C10,203038.87
Dec-2025,2025,12,D06,C01,1135695.0
Dec-2025,2025,12,D06,C02,522355.85
Dec-2025,2025,12,D06,C03,1112444.78
Dec-2025,2025,12,D06,C04,587105.8
Dec-2025,2025,12,D06,C05,426479.97
Dec-2025,2025,12,D06,C06,601737.09
Dec-2025,2025,12,D06,C07,454787.01
Dec-2025,2025,12,D06,C08,209058.89
Dec-2025,2025,12,D06,C09,84788.46
Dec-2025,2025,12,D06,C10,279030.7
Dec-2025,2025,12,D07,C01,686769.81
Dec-2025,2025,12,D07,C02,249828.97
Dec-2025,2025,12,D07,C03,1026848.35
Dec-2025,2025,12,D07,C04,296029.28
Dec-2025,2025,12,D07,C05,255014.33
Dec-2025,2025,12,D07,C06,396616.87
Dec-2025,2025,12,D07,C07,495306.24
Dec-2025,2025,12,D07,C08,536996.48
Dec-2025,2025,12,D07,C09,98007.43
Dec-2025,2025,12,D07,C10,636906.36
Dec-2025,2025,12,D08,C01,983190.76
Dec-2025,2025,12,D08,C02,210537.24
Dec-2025,2025,12,D08,C03,390667.49
Dec-2025,2025,12,D08,C04,544172.01
Dec-2025,2025,12,D08,C05,485421.55
Dec-2025,2025,12,D08,C06,497403.72
Dec-2025,2025,12,D08,C07,982437.72
Dec-2025,2025,12,D08,C08,143095.19
Dec-2025,2025,12,D08,C09,225996.35
Dec-2025,2025,12,D08,C10,165720.53
